1,2,3,4,5,6,7,8,9,10,11,12,13,14,15
105,745.278374,19,38,26,22,57,25.55240139,31.19769938,17.2314454,1.38889,0.548246053,1.38889,0.630342385,0.534947196
183,609.72271,85,37,35,26,42,11.99454511,22.3979771,12.93028529,4.444448,0.668168703,1.944446,0.603175086,0.536426773
186,404.16699,141,18,9,18,40,7.822586903,32.3333592,14.43553146,3.611114,0.617284444,2.222224,0.833334,0.385836324
97,313.055806,49,26,16,6,43,11.618566,23.47918545,13.68426963,4.444448,0.779915154,2.222224,1.0416675,0.773694996
113,68.05561,97,4,5,7,17,2.168143327,15.31251225,5.404863311,4.16667,1.38889,0.555556,0.3888892,0.414366688
239,1001.111912,133,44,35,27,54,15.07950997,34.0000272,19.56539235,3.611114,0.606061091,6.111116,0.746032343,0.65456325
72,424.444784,17,17,18,20,51,21.2222392,27.78184041,19.4351375,7.500006,0.915033412,4.16667,0.787037667,1.122462761
69,349.444724,8,22,22,17,30,18.23189864,20.62296732,8.609408205,3.055558,0.643939909,1.111112,0.467172091,0.587788483
164,865.834026,58,43,34,29,43,19.00611277,29.4056839,15.64228066,3.611114,0.581395814,2.77778,0.702614941,0.605599771
50,290.27801,4,21,7,18,39,20.90001672,22.71740948,11.51795404,1.944446,0.595238571,6.111116,1.150794571,1.004747767
142,365.000292,101,19,11,11,42,9.25352853,32.04880613,15.38924586,3.611114,0.628655474,3.055558,0.959596727,0.521263467
110,639.444956,30,38,24,18,45,20.92728947,28.77502302,15.4199377,2.222224,0.540936105,6.388894,0.810185833,0.794716265
118,510.278186,29,28,35,26,29,15.56780906,20.64046595,10.48195748,3.333336,0.684524357,1.944446,0.515873429,0.593754326
74,269.44466,9,26,23,16,26,13.10811859,14.92308886,8.96655516,2.500002,0.715812538,3.333336,0.664251739,0.739293157
175,112.222312,160,9,5,1,34,2.308573275,26.93335488,7.817361,3.888892,1.111112,2.500002,1.1666676,0.427106764
119,286.944674,69,19,18,13,31,8.680679213,20.66001653,11.16815446,3.611114,0.687135053,1.944446,0.663580778,0.542340885
52,14.166678,48,2,0,2,13,0.980770015,12.7500102,3.4327739,3.333336,1.805557,0,0,0.473038889
106,350.555836,56,17,18,15,33,11.9056699,25.24002019,13.16527055,4.722226,0.784314353,1.38889,0.540123889,0.588626239
266,512.50041,176,36,30,24,28,6.936095774,20.5000164,10.32818337,3.611114,0.540123889,1.38889,0.601852333,0.371814612
340,1767.223636,18,108,103,111,34,18.71177968,19.75777978,8.109092632,1.944446,0.514403704,1.944446,0.507012272,0.476357151
112,303.611354,73,13,8,18,32,9.758936379,28.02566345,13.75280187,4.444448,0.726496308,0.833334,0.694445,0.491225299
94,89.722294,63,10,11,10,17,3.436172962,10.41936317,5.413162991,3.611114,0.7222228,1.111112,0.555556,0.454225474
291,2794.168902,26,66,50,149,53,34.56703796,37.95852093,18.27504831,1.111112,0.374579424,1.944446,0.46111148,0.314303913
165,1123.334232,10,54,40,61,33,24.50911052,26.09034345,7.453611158,1.944446,0.390946815,1.666668,0.42361145,0.374957694
112,345.000276,60,16,15,21,32,11.08929459,23.88463449,12.93612413,3.888892,0.572917125,1.111112,0.518518933,0.450246583
97,620.83383,14,30,25,28,39,23.04125555,26.92773239,12.0648573,2.77778,0.564815267,1.944446,0.62222272,0.58614657
112,706.389454,15,36,23,38,40,22.70537531,26.21651582,13.33736767,1.38889,0.4861115,1.944446,0.615942522,0.478200806
235,1633.056862,98,33,28,76,51,25.01704129,42.91244309,22.04520723,3.611114,0.505050909,1.111112,0.446428929,0.344799884
184,1706.112476,51,44,26,63,58,33.38046149,46.18048807,22.94485782,4.16667,0.479798364,2.500002,0.737180077,0.505616
240,2249.724022,21,80,61,78,56,33.74586033,36.98176475,17.18877417,1.944446,0.399305875,1.944446,0.505464885,0.430633075
74,327.222484,18,12,28,16,36,15.91893165,21.03573111,13.51990593,5.833338,1.203704667,1.38889,0.496032143,0.922447907
227,2265.835146,27,78,50,72,58,35.93394945,40.78503263,18.0650262,2.500002,0.438034538,3.333336,0.60555604,0.497594059
215,1860.557044,86,40,42,47,75,31.15351329,51.92252216,30.33842871,4.16667,0.5277782,1.111112,0.489418381,0.43817337
469,6225.282758,10,153,123,183,67,47.78468642,48.82574712,15.45805252,1.111112,0.412128144,2.222224,0.483288553,0.408305274
358,1152.223144,165,72,54,67,43,11.58660145,21.49224517,13.24185873,3.611114,0.497685583,1.944446,0.637860593,0.440929412
110,645.000516,23,37,19,31,50,21.1091078,26.68967652,17.3888847,3.055558,0.495495892,7.222228,0.789474316,0.833334
143,199.444604,88,15,14,26,24,5.020983038,13.0545559,7.227167574,4.16667,0.703704267,1.38889,0.515873429,0.427525008
84,64.722274,56,10,12,6,16,2.773811743,8.321435229,4.394276646,4.16667,0.972223,2.500002,0.717593167,0.641989575
31,75.833394,10,8,4,9,16,8.806458658,13.0000104,6.436455312,2.222224,0.72916725,0.555556,0.4861115,0.531070014
119,380.000304,53,18,20,28,25,11.49580752,20.72728931,10.86034144,3.888892,0.524691778,1.111112,0.416667,0.431250359
58,286.389118,3,17,11,27,26,17.77587629,18.74546954,7.283827564,2.222224,0.539216118,1.666668,0.530303455,0.495237855
259,1228.889872,72,61,46,80,38,17.08109475,23.65777294,12.64042017,3.333336,0.487249934,2.77778,0.555556,0.443457429
71,97.500078,53,7,8,3,24,4.943665927,19.5000156,8.761746929,3.888892,0.952381714,0.833334,0.416667,0.515895548
104,335.833602,52,16,15,21,32,11.6250093,23.2500186,12.66766199,3.611114,0.59027825,1.111112,0.518518933,0.456932766
50,333.055822,1,16,20,13,37,23.98001918,24.46940733,9.20179663,2.500002,0.65972275,1.38889,0.4583337,0.609373014
36,91.944518,11,11,7,7,24,9.1944518,13.24001059,8.154996521,1.38889,0.631313636,2.222224,0.833334,0.639138002
65,470.278154,6,28,18,13,39,26.04617468,28.69493821,11.53314621,1.944446,0.744048214,3.055558,0.879630333,0.850067824
84,65.555608,71,6,7,0,32,2.809526057,18.15386068,7.677970663,3.611114,1.481482667,2.222224,1.150794571,0.621887506
71,637.50051,7,28,13,23,44,32.32396952,35.85940369,14.00589126,1.944446,0.476190857,1.944446,0.641026154,0.537134632
105,18.611126,100,2,1,2,14,0.638095749,13.40001072,2.872695764,3.611114,1.944446,0.555556,0.555556,0.361038785
2999,72535.33581,78,622,543,1756,105,87.07142678,89.39651109,20.31948566,6.388894,0.364862743,3.333336,0.417945904,0.337719656
131,759.445052,4,33,40,54,86,20.8702457,21.52757628,15.81206791,11.388898,1.321549879,4.16667,0.99305635,1.51633333
619,1078.056418,492,42,54,31,47,6.269795,30.55907957,12.98430376,3.888892,0.694445,1.944446,0.529835815,0.311520137
46,13.611122,39,2,5,0,11,1.065218243,7.0000056,2.711311072,3.055558,2.222224,0.833334,0.6666672,0.555556
52,236.389078,2,22,15,13,32,16.36539771,17.02001362,6.59182157,3.055558,0.896465364,4.444448,1.240741733,1.241018099
42,179.444588,6,10,6,20,23,15.38096469,17.9444588,7.244686466,2.500002,0.7222228,0.833334,0.509259667,0.590890678
82,224.166846,43,16,16,7,38,9.841471288,20.69232425,12.54470476,4.444448,1.07638975,1.944446,0.781250625,0.856732381
231,509.444852,163,22,21,25,41,7.939400291,26.97060981,13.86286116,3.611114,0.732323818,1.666668,0.740741333,0.418583184
71,410.833662,29,28,11,3,55,20.83100258,35.21431389,21.11599659,1.666668,0.555556,2.222224,1.313132364,0.691823302
99,1097.2231,10,42,31,16,64,39.89902182,44.38205798,19.29655513,3.055558,0.58862481,2.500002,0.725807032,0.73330615
94,576.944906,7,35,34,18,39,22.09576236,23.87358232,10.69525988,3.611114,0.706349771,1.38889,0.596405706,0.717609399
95,77.500062,74,4,9,8,26,2.936844455,13.28572491,7.036093159,5.55556,1.805557,1.111112,0.709877111,0.636958008
50,283.889116,10,20,14,6,42,20.44001635,25.55002044,15.16731179,2.222224,0.694445,1.38889,0.654762429,0.690964051
187,881.667372,49,49,55,34,44,16.97327561,23.0000184,13.07810826,4.444448,0.691610531,2.500002,0.555556,0.645820732
402,1021.111928,304,47,32,19,58,9.144285922,37.51023409,17.92834392,4.444448,0.927896723,5.000004,1.1805565,0.623764709
417,6961.950014,13,134,118,152,83,60.10316559,62.03717834,19.12525553,4.16667,0.541045209,3.333336,0.602637017,0.640292029
2278,61485.60474,9,405,376,1488,108,97.16776869,97.55318514,14.42381805,2.77778,0.364197822,3.055558,0.392287548,0.269476843
981,14863.623,15,346,285,335,95,54.54540551,55.39238386,26.20716586,5.277782,0.485710087,4.16667,0.58284647,0.588553492
117,666.389422,9,49,38,21,44,20.50428991,22.21298073,11.94861407,2.222224,0.634921143,2.500002,0.789474316,0.764904417
120,858.056242,45,34,17,24,54,25.74168726,41.18669962,22.59266477,3.611114,0.457516706,1.666668,0.702614941,0.519675053
137,995.278574,51,32,28,26,54,26.15330559,41.66282403,21.70148088,4.16667,0.642361625,1.944446,0.595238571,0.576756443
195,812.50065,81,36,40,38,41,15.000012,25.65791526,14.28863004,3.611114,0.6250005,1.666668,0.4722226,0.453756445
282,933.33408,180,43,37,22,51,11.91490315,32.94120282,16.99256248,3.611114,0.581395814,2.222224,0.645646162,0.422577465
72,217.222396,25,14,12,21,24,10.8611198,16.63831118,9.071399966,2.500002,0.634921143,1.111112,0.439815167,0.436688624
122,205.55572,92,12,11,7,31,6.065578623,24.6666864,10.91040727,3.888892,0.7638895,1.666668,0.505050909,0.438472962
219,1011.945254,112,59,33,15,59,16.6347165,34.04675621,19.83680856,4.16667,0.532015492,3.055558,0.85016903,0.583647641
226,1305.278822,89,59,53,25,50,20.79205203,34.29929751,18.20930478,3.888892,0.546139797,1.38889,0.587002566,0.503515385
108,558.611558,19,19,41,29,43,18.62038527,22.59552369,15.12052365,1.944446,0.628655474,0.555556,0.284553073,0.354868921
354,3160.558084,64,99,98,93,60,32.14126865,39.23451415,17.52044034,4.444448,0.505050909,2.500002,0.493197673,0.518408066
326,901.111832,178,43,42,63,39,9.950928206,21.91893645,12.50048796,3.611114,0.529716186,1.111112,0.429894524,0.328453915
504,4791.948278,72,212,138,82,83,34.22820199,39.93290232,20.96768127,4.444448,0.619759406,4.444448,0.925926667,0.839123983
377,333.889156,333,17,13,14,35,3.188331463,27.31820367,9.041516043,3.333336,0.751634588,2.77778,0.555556,0.27442442
170,948.61187,56,18,43,53,43,20.08825136,29.95616432,17.75735142,4.444448,0.771605556,1.111112,0.316537721,0.442850504
324,3253.058158,5,100,83,136,60,36.14509064,36.71162812,10.87761671,6.94445,0.74444504,6.94445,0.890228289,0.989749644
59,439.167018,4,21,25,9,49,26.79663161,28.74547754,14.61314909,2.500002,0.72751381,2.500002,0.60000048,0.731238361
207,2457.224188,4,87,44,72,70,42.7343337,43.57638954,19.17476933,3.055558,0.488506138,4.16667,0.561869136,0.572243071
190,648.056074,132,16,28,14,100,12.27895719,40.22417011,22.66389056,10.000008,2.222224,6.111116,1.250001,1.258998048
34,1.111112,33,1,0,0,4,0.117647153,4.0000032,0.685994341,1.111112,1.111112,0,0,0.196418707
76,363.055846,5,21,25,25,38,17.19738218,18.40846543,13.78116564,4.444448,0.886244095,3.055558,0.7222228,0.896039901
100,974.167446,2,37,25,36,70,35.07002806,35.78574291,24.672094,2.77778,0.735736324,7.222228,1.06666752,1.095411491
401,6608.060842,1,122,102,176,85,59.32423699,59.47254758,17.72257426,5.277782,0.532787311,5.55556,0.620915529,0.685793215
140,878.056258,3,45,37,55,38,22.57858949,23.07301116,8.193757808,5.833338,0.932099511,5.55556,1.126127027,1.290172322
129,304.444688,50,27,38,14,26,8.496130828,13.87342882,8.101045487,3.611114,0.88477437,3.333336,0.621345526,0.728287923
58,139.166778,4,22,19,13,16,8.637937945,9.2777852,3.754287728,2.222224,0.618687364,1.666668,0.511696316,0.60312287
471,16.66668,465,2,2,2,15,0.127388637,10.000008,1.179935707,3.611114,2.083335,1.111112,1.111112,0.18364891
66,94.722298,45,11,6,4,26,5.1666708,16.23810823,8.489963909,3.611114,0.833334,2.222224,1.064815667,0.653295235
124,295.83357,76,23,17,8,35,8.588716548,22.18751775,12.00068568,3.888892,0.893720522,2.222224,0.964053059,0.649502532
105,388.611422,31,23,31,20,27,13.32382018,18.90542053,9.843482067,4.16667,0.760870174,2.500002,0.519713677,0.661998747
50,85.555624,34,12,4,0,29,6.160004928,19.2500154,10.0698783,1.666668,0.671296833,1.944446,1.1805565,0.549738499
117,25.833354,111,4,1,1,19,0.794872431,15.5000124,3.472896192,3.611114,1.3194455,0.555556,0.555556,0.354217269
159,30.833358,153,3,2,1,21,0.698113766,18.5000148,3.569836214,4.722226,1.944446,1.666668,0.972223,0.406366276
320,1530.834558,169,54,41,56,55,17.22188878,36.49671794,20.1837365,3.611114,0.514403704,3.055558,0.630081805,0.442507926
153,1079.445308,22,47,45,39,43,25.39871313,29.66414587,13.87127848,6.388894,0.650118723,2.77778,0.592593067,0.753131587
75,97.500078,52,8,7,8,19,4.680003744,15.26088177,7.313741232,3.611114,0.694445,1.38889,0.595238571,0.483317537
302,3363.89158,14,132,91,65,60,40.09936983,42.04864475,15.00509547,8.888896,0.631313636,3.333336,0.888279099,0.952445094
65,424.722562,18,19,18,10,49,23.52309574,32.53194092,17.69013469,2.500002,0.730994737,1.111112,0.570988111,0.596999636
116,702.500562,47,20,18,31,48,21.80174158,36.65220323,19.51686888,4.444448,0.7083339,2.500002,0.725309222,0.637266437
64,291.944678,19,27,8,10,47,16.42188814,23.35557424,16.35984698,1.666668,0.648148667,6.666672,2.11805725,1.139861936
83,445.555912,29,25,23,6,48,19.32531667,29.70372747,16.75585695,2.222224,0.64444496,1.111112,0.531401391,0.536362997
136,247.777976,104,15,10,7,45,6.558828776,27.8750223,12.53957569,3.888892,0.870371067,1.666668,0.9166674,0.505634772
127,720.000576,60,27,16,24,54,20.40946515,38.68659811,21.49173127,4.16667,0.596708296,2.500002,0.9027785,0.607565958
71,512.778188,9,27,23,12,45,26.0000208,29.77421737,15.4281746,2.500002,0.658436741,1.666668,0.700483652,0.698259006
101,551.111552,24,27,26,24,35,19.64358007,25.76625438,12.89463777,1.666668,0.617284444,1.38889,0.598291077,0.508685421
46,61.666716,25,8,9,4,18,4.826090817,10.57143703,5.922853471,1.111112,0.694445,0.833334,0.493827556,0.410305298
141,639.444956,27,30,52,32,39,16.3262542,20.19299861,13.08024489,1.666668,0.675926467,1.111112,0.384615692,0.455035063
131,31.111136,124,4,1,2,18,0.854962516,16.0000128,3.63978473,3.611114,1.250001,0.833334,0.833334,0.334444297
172,116.944538,154,10,6,2,30,2.447676377,23.3889076,7.363784095,4.444448,0.833334,1.666668,0.833334,0.40197439
100,44.44448,91,5,3,1,22,1.60000128,17.777792,5.189344171,3.611114,1.2222232,1.111112,0.833334,0.4190224
243,2135.001708,46,82,69,46,61,31.62965493,39.01525964,20.80117077,3.888892,0.596206439,1.944446,0.652174435,0.638164852
114,357.500286,63,20,18,13,34,11.28948272,25.23531431,13.32355933,3.333336,0.7500006,1.38889,0.617284444,0.506244485
119,241.111304,59,20,22,18,23,7.294123482,14.46667824,7.950432182,3.611114,0.7500006,1.666668,0.593434818,0.531904374
54,206.389054,4,16,18,16,21,13.75927027,14.86001189,6.139679745,2.77778,0.6250005,1.111112,0.416667,0.572654017
94,357.500286,7,32,36,19,26,13.69150031,14.79311528,6.5254285,4.722226,0.694445,1.38889,0.4861115,0.712330632
97,27.500022,89,3,4,1,16,1.020619373,12.3750099,3.611265306,3.888892,1.481482667,1.111112,0.7638895,0.436887858
385,3303.891532,9,148,104,124,66,30.89353121,31.63300403,16.86146323,1.38889,0.407282608,2.222224,0.568910712,0.47374109
355,1619.723518,150,79,41,85,54,16.42536525,28.44392519,18.24525105,1.111112,0.351617722,1.666668,0.623306732,0.309419407
103,779.722846,8,34,27,34,43,27.25244899,29.54739206,10.85078695,2.222224,0.482026529,1.38889,0.524691778,0.488218753
66,298.055794,12,15,23,16,31,16.25758876,19.87038627,11.34942981,2.222224,0.759259867,1.666668,0.47101487,0.564169785
239,1135.556464,8,52,69,110,40,17.10461619,17.69698385,10.63377862,5.277782,0.491453385,1.111112,0.366344899,0.470865889
126,571.944902,16,46,34,30,40,16.34128291,18.71819679,11.78552515,2.500002,0.531401391,3.055558,0.612745588,0.591890271
273,586.667136,199,14,19,41,35,7.736269925,28.54056337,13.14414024,4.722226,0.813492714,1.38889,0.540936105,0.36347303
57,345.555832,4,19,17,17,34,21.82457886,23.47171689,10.25239137,2.500002,0.570175895,1.666668,0.522876235,0.59103905
129,773.61173,38,31,17,43,39,21.58916456,30.60442009,15.81169089,1.38889,0.439068452,1.666668,0.522876235,0.347714278
187,1178.889832,57,47,36,47,46,22.69520532,32.64617996,17.32913912,4.16667,0.614657702,2.500002,0.686728944,0.598561204
58,35.555584,49,3,2,4,15,2.206898317,14.2222336,5.203772655,3.611114,1.38889,0.277778,0.277778,0.488232724
151,996.111908,46,34,25,46,46,23.74836337,34.15240827,17.31173727,3.611114,0.473856588,1.111112,0.53333376,0.445933731
80,441.111464,18,25,20,17,38,19.85001588,25.61292372,14.25189306,1.944446,0.57777824,1.38889,0.6527783,0.547484539
139,695.000556,19,36,28,56,35,18.0000144,20.85001668,10.62196248,2.500002,0.516975722,1.944446,0.535714714,0.468071678
156,313.611362,96,17,14,29,28,7.237185277,18.81668172,10.14101362,3.333336,0.588235765,0.833334,0.436508286,0.340942765
104,388.333644,48,17,15,24,34,13.44231845,24.96430569,13.6721863,4.722226,0.898693529,3.055558,0.796296933,0.763208368
127,55.277822,114,5,4,4,18,1.566930387,15.30770455,4.691414907,3.611114,1.0000008,0.555556,0.416667,0.33884362
164,88.055626,147,7,6,4,26,1.932928376,18.64707374,5.903239308,3.611114,1.031746857,1.38889,0.601852333,0.342995811
91,225.00018,62,15,8,6,37,8.901106022,27.93105683,13.91965433,3.333336,0.685185733,2.500002,1.00694525,0.5739772
157,1405.001124,10,77,41,29,62,32.21658628,34.40819079,16.33947496,1.666668,0.497835896,2.500002,0.833334,0.674904843
117,253.611314,78,12,13,14,35,7.803425046,23.41027514,12.18127401,4.16667,0.856482167,1.38889,0.726496308,0.508252228
70,350.833614,36,17,11,6,51,18.04287158,37.14708854,20.06542611,5.000004,1.013072706,1.944446,1.363637455,0.999274319
74,10.833342,71,1,2,0,14,0.527027449,13.0000104,2.586704536,3.888892,3.888892,0.277778,0.277778,0.460642701
133,274.722442,67,19,23,24,23,7.436096174,14.98486047,8.27130251,3.333336,0.599415684,1.38889,0.434782957,0.408277472
82,343.889164,23,30,17,12,29,15.09757305,20.98306763,10.85665269,2.222224,0.592593067,1.944446,0.784314353,0.624228418
133,317.500254,93,19,12,9,41,8.593991838,28.57502286,14.36538221,4.444448,0.643275368,3.611114,0.879630333,0.579428198
56,150.555676,30,12,10,4,28,9.678579171,20.84617052,11.09972505,2.500002,0.740741333,0.833334,0.555556,0.509960644
166,407.778104,100,23,20,23,32,8.843380569,22.24244204,11.62336406,3.333336,0.579710609,1.111112,0.5000004,0.371920047
242,508.889296,180,32,23,7,43,7.57025399,29.54841074,14.08028341,3.333336,0.668403313,2.222224,0.857488609,0.457139663
85,278.333556,27,23,18,17,24,11.78824472,17.27587589,8.686461987,1.666668,0.567633304,1.111112,0.509259667,0.439734427
117,199.444604,80,12,12,13,30,6.136757046,19.40542093,9.904636656,3.333336,0.717593167,1.111112,0.601852333,0.410379622
167,1095.278654,14,55,47,51,40,23.61079733,25.77126245,11.55596664,1.944446,0.540404473,1.666668,0.537825489,0.518097887
380,3509.169474,66,116,80,118,70,33.24476344,40.23251626,22.4998528,5.000004,0.440613379,4.722226,0.6250005,0.582812164
114,780.55618,19,32,23,40,44,24.64914253,29.57897103,14.79953507,1.38889,0.538194875,1.666668,0.603865217,0.493844779
102,233.889076,65,13,9,15,28,8.254908565,22.75677496,11.30643055,3.611114,0.598291077,0.833334,0.462963333,0.412946684
205,411.944774,125,15,22,43,26,7.234152129,18.53751483,9.87836837,3.333336,0.574074533,0.833334,0.366161909,0.287857848
94,359.444732,15,23,37,19,28,13.76596846,16.37975994,9.833479713,1.944446,0.579710609,1.38889,0.352853135,0.445839051
132,1054.723066,17,44,27,44,53,28.76517453,33.01741772,13.47650477,1.38889,0.467172091,2.77778,0.586420222,0.495109428
134,475.833714,100,2,16,16,60,12.78359232,50.38239325,22.4574324,12.777788,8.33334,3.055558,0.7638895,1.226157794
190,1571.112368,69,43,31,47,63,29.76844487,46.74383905,25.50192549,3.611114,0.445736791,2.222224,0.609319484,0.44982375
410,5627.78228,5,140,106,159,166,49.41467368,50.02473138,26.76418401,16.944458,0.632937014,5.833338,0.822851811,1.138932974
73,362.778068,16,24,22,11,37,17.89042527,22.91229903,13.85897387,1.111112,0.509259667,1.38889,0.517677182,0.487854966
61,476.38927,6,28,12,15,43,28.11477659,31.18184313,13.96077644,1.111112,0.436508286,1.666668,0.833334,0.560244319
149,1680.001344,9,54,34,52,58,40.5906365,43.20003456,16.19142809,2.222224,0.437243148,1.666668,0.580065824,0.476190857
169,1791.945878,49,37,28,55,69,38.17162817,53.75837634,27.34610877,3.888892,0.570571027,2.77778,0.734127571,0.574365991
865,10553.34178,1,292,239,333,66,43.92142242,43.9722574,14.49874892,2.500002,0.424277356,6.666672,0.517201715,0.534308285
160,1670.279114,2,49,49,60,51,37.58128007,38.05699247,12.85060353,2.500002,0.606576449,1.38889,0.51020449,0.541759504
422,2910.002328,45,111,104,162,47,24.82466441,27.78782064,14.0111106,3.888892,0.503003405,4.16667,0.534188462,0.535175544
268,1075.00086,180,30,21,37,54,14.44031006,43.97730791,21.45529668,3.888892,0.555556,2.77778,0.674603714,0.39833704
76,351.944726,25,25,8,18,31,16.67106597,24.84315713,12.78685592,1.666668,0.53333376,2.222224,1.0416675,0.563013461
109,224.166846,70,16,15,8,28,7.403675648,20.69232425,10.50583547,4.722226,0.72916725,1.38889,0.648148667,0.565207376
55,134.444552,12,22,12,9,20,8.80000704,11.25582296,6.764285295,0.833334,0.378788182,0.833334,0.3472225,0.321506003
104,112.777868,82,10,7,5,26,3.903849277,18.45456022,7.880810208,3.888892,0.8888896,1.944446,1.071429429,0.538266247
52,454.16703,4,28,12,8,50,31.44233285,34.06252725,14.43228062,2.77778,0.515873429,1.666668,0.856482167,0.716861012
106,158.33346,83,12,6,5,31,5.377362792,24.78262852,10.59780106,3.888892,0.740741333,1.666668,0.833334,0.476476944
284,300.833574,239,20,20,5,36,3.813383332,24.06668592,9.468771278,3.888892,1.111112,3.333336,0.8611118,0.490698385
230,1686.945794,52,59,47,72,53,26.40436895,34.11800482,16.57896226,3.888892,0.489642576,1.944446,0.585106851,0.48006935
87,1000.834134,8,38,20,21,63,41.41382623,45.60763142,19.25988223,2.500002,0.460526684,1.38889,0.7083339,0.562053952
144,599.444924,88,27,19,10,53,14.9861231,38.53574511,20.31809491,4.444448,0.545267926,1.38889,0.701754947,0.513362976
192,1968.890464,13,46,53,80,65,36.9166962,39.59779704,22.50917982,2.500002,0.434782957,1.111112,0.372117698,0.357664901
183,2718.335508,22,40,36,85,72,53.47545262,60.78265732,23.54253099,5.000004,0.67361165,2.222224,0.702161056,0.701393059
511,6415.560688,15,136,107,253,60,45.19768782,46.56455338,12.49902249,1.666668,0.377859779,2.222224,0.467290093,0.360437
141,1023.61193,34,46,30,31,49,26.13477268,34.43927989,17.22299951,2.500002,0.495169478,2.500002,0.675926467,0.581432218
1138,13104.17715,14,393,265,466,77,41.45433896,41.97067415,15.89272868,1.944446,0.397229608,6.94445,0.585954347,0.508644283
169,1256.667672,37,39,30,63,45,26.76925218,34.27275469,17.36135555,1.111112,0.484330872,1.666668,0.509259667,0.3766247
104,341.944718,64,21,14,5,39,11.83654793,30.77502462,15.63361488,3.888892,0.608466095,3.055558,0.674603714,0.588613881
83,202.222384,59,13,7,4,40,8.771091354,30.3333576,14.68226514,3.888892,0.854701538,1.666668,1.071429429,0.608737614
183,1555.279022,54,42,36,51,63,30.59565289,43.4031355,22.67957358,6.388894,0.548942238,1.944446,0.532407833,0.651610732
187,2230.001784,66,45,39,37,86,42.93051563,66.34716052,36.42978932,4.444448,0.543210311,2.77778,0.612536103,0.563753782
1148,27018.9105,7,177,204,760,98,84.72829078,85.24809624,17.0500879,4.444448,0.440992192,4.444448,0.381263922,0.33421715
167,1065.556408,137,23,6,1,217,22.97007826,127.866769,52.70061214,11.11112,2.789857304,4.722226,4.120373667,1.61826592
188,160.277906,180,8,0,0,100,3.069151391,72.1250577,15.49436694,8.055562,3.472225,0,0,0.847647564
1018,20416.96078,144,156,171,547,144,72.20143301,84.09732128,32.8725036,10.000008,0.560897885,6.94445,0.492203123,0.671990982
437,4332.503466,69,142,88,138,68,35.69110407,42.38318608,22.42588687,5.833338,0.436228831,5.833338,0.694445,0.649060269
196,45.555592,180,5,6,5,16,0.836735363,10.2500082,2.984382864,3.888892,1.0555564,1.111112,0.648148667,0.308315907
316,97967.57837,28,94,110,84,9255,1116.086336,1224.59473,2920.772366,2558.890936,28.28311955,2428.613054,24.15911024,199.1001618
227,2697.502158,2,78,71,76,71,42.77976991,43.16003453,15.71834321,5.55556,0.541310974,2.77778,0.575117831,0.691165649
490,6960.838902,13,163,125,189,69,51.14085724,52.53463322,14.19548617,2.500002,0.408998282,3.333336,0.504444848,0.473005462
442,4031.669892,180,111,83,68,82,32.83713034,55.39699088,30.52467392,7.222228,0.665666198,7.500006,0.850067614,0.853091386
309,4021.392106,48,123,72,66,90,46.85117017,55.46747732,31.87002582,5.000004,0.519422276,5.833338,0.871914278,0.821334214
39,100.277858,7,11,13,8,17,9.256417662,11.28125903,5.097563653,2.500002,0.656566182,1.111112,0.405983231,0.568542368
298,3573.058414,24,98,91,85,70,43.16446406,46.94529303,19.56074394,5.000004,0.617914327,5.55556,0.628816132,0.744096475
110,695.278334,46,30,20,14,55,22.75456366,39.10940629,22.16832452,3.611114,0.509259667,1.666668,0.7083339,0.546479796
350,4671.948182,15,132,83,120,76,48.05432416,50.20601031,20.47137694,1.666668,0.422980136,2.77778,0.649264241,0.539561046
56,112.777868,24,16,8,8,22,7.2500058,12.68751015,7.825947517,1.111112,0.4861115,1.666668,0.79861175,0.464503981
122,201.666828,71,13,15,23,20,5.950824433,14.23530551,7.283914644,4.16667,0.598291077,1.111112,0.425926267,0.429584074
50,225.555736,7,21,13,9,25,16.24001299,18.88373604,7.914234141,2.500002,0.462963333,1.111112,0.491453385,0.537914784
372,2147.779496,180,88,53,51,61,20.78496286,40.27086555,22.36928461,3.611114,0.587121682,4.722226,0.938155887,0.636551264
401,6445.005156,16,128,81,176,95,57.86039542,60.26498328,28.30053796,4.722226,0.542535156,7.222228,0.853910148,0.864765759
459,1757.223628,212,47,43,157,40,13.7821461,25.61135652,13.39883765,5.000004,0.780142468,3.611114,0.626615488,0.495645586
473,588.88936,394,25,40,14,49,4.482033184,26.83546451,11.52852921,9.166674,1.10000088,2.222224,0.6805561,0.54438566
45,198.61127,22,11,7,5,40,15.8889016,31.08698139,16.70903705,3.611114,1.010101818,2.77778,1.031746857,0.88248734
104,7.500006,102,2,0,0,14,0.259615592,13.5000108,1.864305448,3.611114,1.944446,0,0,0.358609856
271,1029.445268,171,47,22,31,48,13.67528769,37.06002965,18.64496997,3.333336,0.437352596,1.944446,0.631313636,0.347093397
183,381.94475,75,42,31,35,21,7.513667213,12.73149167,6.883535001,3.333336,0.628307381,3.333336,0.797491677,0.594836494
70,64.166718,48,5,13,4,21,3.30000264,10.5000084,5.791923412,3.888892,1.7777792,2.77778,0.662393692,0.734159115
80,157.500126,60,14,6,0,57,7.08750567,28.35002268,13.79157122,4.16667,1.150794571,3.888892,2.222224,0.998575281
292,141.66678,265,5,16,6,32,1.74657674,18.888904,6.381687336,3.888892,1.8333348,2.500002,0.555556,0.337064322
47,196.666824,3,14,22,8,35,15.06384184,16.09092196,10.97903982,3.333336,1.091270714,4.16667,0.681818727,1.105697569
107,246.666864,73,19,8,7,40,8.29907206,26.11766795,13.16098791,3.888892,0.614035579,2.222224,0.93750075,0.53740224
391,3023.61353,78,120,93,100,53,27.83889695,34.77638565,16.52432931,3.888892,0.481481867,3.611114,0.582437742,0.533517902
67,83.055622,47,7,9,4,19,4.462690137,14.95001196,7.007200535,3.611114,0.952381714,0.555556,0.432099111,0.506370089
97,841.66734,5,23,29,40,47,31.23713839,32.93480896,10.80101577,2.222224,0.615942522,1.111112,0.344827862,0.440590364
141,699.722782,49,31,20,41,35,17.86526252,27.38045669,14.95479849,3.888892,0.600358903,2.500002,0.7638895,0.581909388
166,1097.500878,64,21,18,63,46,23.80122386,38.73532511,19.77210152,3.888892,0.621693619,1.666668,0.524691778,0.415536287
187,1154.723146,61,30,34,62,43,22.22996431,32.99208989,16.57227772,3.888892,0.537037467,1.38889,0.433006882,0.410997797
85,235.555744,40,17,15,13,29,9.976478569,18.84445952,10.92940166,1.944446,0.604575647,1.38889,0.462963333,0.406788626
79,311.666916,53,2,17,7,54,14.20254301,43.15388068,21.78589272,10.833342,7.500006,1.666668,0.751634588,1.39213297
72,269.44466,34,19,11,8,42,13.472233,25.52633621,16.05007325,1.38889,0.628655474,2.222224,0.984849273,0.61935329
94,577.500462,10,33,15,36,40,22.11703897,24.7500198,13.99067,1.111112,0.437710788,2.222224,0.592593067,0.443008299
104,365.555848,61,20,20,3,48,12.65385628,30.60467565,17.57523038,3.333336,0.6666672,1.111112,0.6388894,0.514554977
220,2485.001988,18,78,68,56,63,40.66366889,44.28716414,19.43225078,1.666668,0.519943436,2.222224,0.575980853,0.553960946
232,2341.946318,39,96,42,55,63,36.34054631,43.68397277,20.73666046,1.944446,0.494792063,4.16667,1.084656952,0.765123682
83,438.055906,41,19,14,9,48,19.0000152,37.54764909,20.77521976,3.055558,0.716374842,1.666668,0.813492714,0.627994019
140,1292.778812,10,51,27,52,45,33.24288374,35.80002864,12.95585833,2.77778,0.435730196,1.944446,0.668724815,0.51099511
81,184.72237,55,11,10,5,34,8.209883111,25.57694354,12.83327321,3.888892,0.858586545,1.38889,0.7500006,0.577113841
73,751.38949,4,20,21,28,51,37.05482416,39.20292991,11.7543023,9.72223,1.0555564,2.77778,0.886244095,1.402903819
56,204.444608,27,13,12,4,35,13.14286766,25.37933065,13.70922526,2.500002,0.769231385,0.833334,0.4861115,0.546479796
151,136.11122,109,19,15,8,18,3.245035709,11.666676,5.656815226,3.611114,0.599415684,0.833334,0.481481867,0.377373204
165,482.778164,66,44,35,20,38,10.53334176,17.5555696,10.72751951,3.333336,0.612374227,1.944446,0.6666672,0.561910259
189,612.222712,127,26,17,19,45,11.66138499,35.54841554,17.29320492,4.16667,0.544872231,1.38889,0.604575647,0.407277173
259,2409.446372,85,70,51,53,64,33.49037428,49.85061459,25.14244118,3.611114,0.4444448,1.944446,0.588235765,0.477052183
446,5079.448508,2,150,124,170,62,41.0000328,41.18471763,14.96062247,2.500002,0.451852213,2.222224,0.528674258,0.472744893
183,1609.72351,19,60,54,50,50,31.666692,35.33539412,16.3973106,3.888892,0.578704167,2.222224,0.617284444,0.636050598
288,918.889624,157,40,15,76,51,11.4861203,25.2519286,17.79068625,0.833334,0.39583365,2.222224,0.740741333,0.261261304
129,422.500338,88,21,12,8,53,11.79070711,37.09759065,18.71232649,5.000004,0.714286286,1.944446,1.157408333,0.635155446
81,422.22256,32,25,16,8,44,18.76544711,31.02043298,17.44582443,1.666668,0.7777784,2.77778,1.128473125,0.798621305
169,1805.279222,12,63,52,42,55,38.45565207,41.39493757,15.70560962,1.38889,0.436508286,1.38889,0.459402077,0.425038226
60,33.33336,51,4,4,1,19,2.0000016,13.333344,5.082372327,3.611114,1.3194455,1.38889,1.0416675,0.567402876
175,1613.334624,11,73,42,49,50,33.18859798,35.41466248,14.78364605,2.500002,0.460426548,2.77778,0.760582619,0.589823533
246,538.88932,133,34,20,59,32,7.886185171,17.16815533,10.40737827,1.111112,0.318627706,0.555556,0.3611114,0.171492214
134,38.333364,124,2,7,1,23,1.02985157,13.80001104,3.950711935,3.333336,3.194447,1.38889,0.674603714,0.433849216
102,612.222712,25,34,18,25,41,21.60786042,28.62339952,14.76023348,1.666668,0.465686647,1.38889,0.679012889,0.4722226
703,8352.228904,70,204,164,265,65,42.77101572,47.50082789,17.92768506,3.611114,0.424836941,2.222224,0.523374402,0.440769153
327,3747.22522,27,119,87,94,68,41.25385563,44.96670264,19.1495513,1.944446,0.466853782,7.500006,0.632184414,0.633805999
189,2277.501822,6,85,47,51,73,43.38098709,44.80331453,18.56681027,2.222224,0.473856588,7.500006,0.803783149,0.785937378
124,679.444988,20,42,38,24,43,19.72582223,23.51924958,12.74983737,1.944446,0.66137619,2.222224,0.701754947,0.656765179
62,334.166934,16,16,17,13,36,19.40324133,26.15219483,13.09543742,5.55556,0.9027785,1.666668,0.784314353,0.918489384
71,284.444672,26,17,13,15,33,14.42254675,22.75557376,13.1590946,2.222224,0.735294706,2.77778,0.876069077,0.639755229
156,825.556216,3,47,47,59,31,19.05129729,19.42485214,9.968204207,2.222224,0.514184809,3.888892,0.508274638,0.551482622
126,237.222412,63,12,27,24,28,6.7777832,13.5555664,8.686438984,3.611114,0.717593167,0.833334,0.308642222,0.388857197
55,188.055706,11,14,17,13,31,12.30910076,15.38637595,9.287332526,4.722226,0.873016571,1.38889,0.424836941,0.791214321
134,536.389318,64,29,19,22,40,14.41045929,27.58573635,15.18963472,3.611114,0.49808469,1.666668,0.570175895,0.452964784
264,290.833566,180,27,12,45,30,3.965912264,12.46429569,7.522512014,1.111112,0.390946815,1.38889,0.7638895,0.232152169
303,1516.945658,5,102,89,107,32,18.02311673,18.32551802,7.976131256,2.222224,0.495643098,3.333336,0.52746609,0.513097408
300,238.333524,244,24,23,9,22,2.860002288,15.32144083,6.286397696,3.611114,0.856482167,2.77778,0.833334,0.436247935
292,3255.002604,1,79,64,148,58,40.13016909,40.26807345,9.945738488,3.611114,0.436005975,2.222224,0.4861115,0.46309103
198,1854.16815,47,52,35,64,58,33.71214818,44.20533338,20.73847193,4.16667,0.411325115,1.666668,0.507936914,0.449395266
255,1673.056894,75,33,52,95,45,23.61962674,33.46113788,18.66953622,4.16667,0.454545818,0.555556,0.283119885,0.319639167
145,1781.112536,7,48,39,51,59,44.22072503,46.46380529,14.28551567,11.666676,0.72916725,2.500002,0.868946564,1.206117925
70,11.11112,67,2,1,0,14,0.571429029,13.333344,2.721739792,3.611114,1.944446,0.277778,0.277778,0.440495469
72,86.388958,55,5,7,5,25,4.3194479,18.29413228,8.083762875,3.888892,1.38889,0.833334,0.476190857,0.528091391
160,137.777888,132,13,11,4,30,3.10000248,17.71429989,7.205169353,4.16667,0.961539231,1.666668,0.732323818,0.462494272
145,101.38897,129,4,9,3,30,2.517243393,22.81251825,7.448996435,4.722226,2.083335,1.38889,0.555556,0.469202059
315,2160.557284,154,51,39,71,66,24.69208325,48.31059765,27.03366209,5.000004,0.457516706,1.666668,0.576923538,0.406105374
287,3107.502486,24,81,79,103,61,38.97912526,42.5361557,18.62642256,1.38889,0.390946815,1.38889,0.397328025,0.339210964
145,670.83387,75,15,22,33,44,16.65518574,34.5000276,18.6909735,5.277782,0.907408133,1.38889,0.568182273,0.617208898
47,110.555644,5,18,10,14,19,8.468091881,9.476198057,5.220574114,1.666668,0.493827556,1.38889,0.6111116,0.507150922
49,282.778004,9,12,16,12,32,20.77552682,25.45002036,11.58710725,4.722226,1.064815667,1.38889,0.538194875,0.996613131
115,563.611562,47,32,21,15,40,17.64349238,29.83825916,16.14962457,3.611114,0.503472625,2.222224,0.687831238,0.560450861
289,3150.835854,11,108,63,107,69,39.24916635,40.80219092,18.71051976,1.38889,0.437243148,4.16667,0.66137619,0.582487454
793,10131.11922,18,278,242,255,78,45.99247059,47.06068281,18.52959531,3.888892,0.489608705,1.944446,0.555556,0.517747451
147,1105.000884,29,58,34,26,56,27.06124614,33.71189138,18.86731772,1.38889,0.459770483,2.222224,0.678105118,0.53754368
310,2191.390642,48,77,89,96,53,25.44840746,30.11071111,15.24542206,3.333336,0.458153325,1.111112,0.393258742,0.387378845
123,1163.88982,16,43,31,33,53,34.0650679,39.15890983,16.78638199,3.611114,0.600775674,1.666668,0.716846452,0.639343385
186,1290.27881,62,50,44,30,52,24.97313826,37.45970739,19.41090048,4.16667,0.46111148,1.38889,0.441919545,0.455608203
724,980.000784,657,35,24,8,76,4.872932075,52.65675854,16.05188292,4.16667,0.761905371,5.833338,0.856482167,0.359006988
93,381.666972,36,28,21,8,35,14.77420537,24.10528244,13.55193635,3.888892,0.823413357,3.055558,0.925926667,0.840426332
66,249.166866,40,15,7,4,44,13.59091996,34.5000276,18.09205289,3.888892,0.814815467,3.888892,1.468255143,0.890001102
42,231.389074,4,19,13,6,34,19.8333492,21.92107017,8.487915848,2.77778,0.964913053,6.388894,1.089744462,1.34586236
119,909.72295,44,34,25,16,58,27.52103042,43.6667016,24.23607367,3.611114,0.588235765,1.944446,0.7222228,0.6157988
841,11143.8978,17,262,217,345,81,47.702773,48.68693215,20.26643025,2.500002,0.436811206,2.500002,0.519713677,0.456707761
55,112.222312,32,10,10,3,26,7.345460422,17.56523144,10.34447103,3.333336,0.9444452,2.77778,0.7777784,0.735921315
38,112.777868,14,11,8,5,22,10.68421907,16.9166802,8.71192182,2.222224,0.681818727,0.833334,0.4861115,0.54582572
117,333.055822,61,20,18,18,29,10.24787145,21.41073141,11.32886608,3.333336,0.4861115,1.666668,0.478395444,0.416062697
78,336.944714,3,37,23,15,27,15.55129449,16.17334627,6.589340932,2.500002,0.593093568,2.500002,0.74879287,0.75872183
144,111.944534,104,13,17,10,14,2.79861335,10.07500806,4.825021991,3.333336,0.619658615,1.111112,0.408497059,0.348881293
82,499.444844,7,27,19,29,37,21.92684681,23.97335251,11.60861801,1.944446,0.555556,3.055558,0.672515158,0.619575719
191,2482.501986,41,50,27,73,77,46.79061335,59.58004766,28.54835446,4.444448,0.58888936,6.94445,1.008231259,0.836512343
63,321.111368,14,29,12,8,49,18.34922103,23.59185561,17.01532396,1.944446,0.660920069,1.111112,0.4861115,0.597251822
208,2588.057626,13,61,52,82,74,44.79330507,47.7795254,19.93202344,2.77778,0.49635741,1.944446,0.550214115,0.494940634
97,651.944966,31,27,18,21,43,24.19589565,35.56063451,18.04891454,2.77778,0.545267926,1.944446,0.709877111,0.556286514
79,342.222496,10,20,25,24,34,15.59494918,17.85508675,9.564248315,2.500002,0.7638895,1.38889,0.56666712,0.628348518
45,272.500218,7,8,17,13,32,21.80001744,25.81581013,11.17749362,4.722226,1.38889,1.111112,0.571895882,1.055624397
50,275.277998,7,17,15,11,35,19.82001586,23.04653007,12.69852956,1.666668,0.571895882,1.111112,0.555556,0.542378884
156,1024.445264,24,52,47,33,62,23.64104455,27.93941629,17.37887064,7.777784,0.523504692,1.944446,0.555556,0.770867668
155,1920.279314,16,57,38,44,65,44.60003568,49.73385274,20.30820959,2.77778,0.477583228,1.38889,0.657895263,0.542698417
68,584.72269,26,3,30,9,68,30.95590712,50.11908771,27.77974878,14.722234,6.388894,1.666668,0.564815267,1.935406221
674,10169.73036,32,237,196,209,80,54.31903455,57.02652537,19.16435588,3.055558,0.471167747,2.77778,0.565476643,0.524841701
90,810.000648,20,37,22,11,72,32.40002592,41.65717618,27.37701816,1.944446,0.645646162,1.944446,0.896465364,0.713747462
235,1975.557136,53,69,61,52,65,30.263854,39.07695434,23.14905645,3.888892,0.579710609,2.500002,0.628415803,0.581761978
80,685.000548,19,31,20,10,61,30.82502466,40.42626185,22.65524501,1.38889,0.546595419,1.38889,0.6527783,0.54294855
179,1524.167886,52,68,44,15,75,30.65365581,43.20475897,26.35075902,3.611114,0.526961206,2.222224,0.801768318,0.650275034
75,593.611586,17,31,23,4,67,28.49335613,36.84485706,24.28567219,1.38889,0.600358903,1.944446,0.785024783,0.680414362
64,410.000328,4,19,35,6,44,23.06251845,24.60001968,14.91230982,1.38889,0.643275368,0.555556,0.341270114,0.490095434
161,1141.945358,20,41,44,56,40,25.53418192,29.15605169,11.21217589,2.77778,0.508130488,0.833334,0.385101318,0.402598839
170,776.38951,74,39,38,19,45,16.44118962,29.11460663,16.26516803,3.611114,0.555556,1.38889,0.526316211,0.471482835
528,10346.11939,8,119,145,256,96,70.5417231,71.62698038,24.26447741,2.77778,0.466853782,2.500002,0.381226359,0.395628149
322,2813.335584,15,116,92,99,52,31.45344131,32.99025441,12.88093102,1.38889,0.514847155,2.500002,0.628019826,0.560525101
259,203.611274,204,18,18,19,23,2.830118094,13.32728339,6.088661815,3.333336,0.679012889,2.222224,0.632716556,0.334646048
476,2359.446332,180,89,70,137,48,17.84455209,28.6959689,16.3761377,3.333336,0.436954157,2.500002,0.5000004,0.361773457
135,3.333336,134,1,0,0,12,0.08888896,12.0000096,1.032795559,3.333336,3.333336,0,0,0.289036888
80,103.333416,52,14,13,1,20,4.65000372,13.28572491,6.854916004,3.611114,0.654762429,1.38889,0.576923538,0.526295384
483,2316.946298,180,100,88,115,53,17.26916495,27.52807483,17.49552464,3.333336,0.48888928,1.666668,0.517677182,0.391200585
521,3855.003084,59,168,158,136,50,26.63725739,30.03898507,13.51668752,3.888892,0.491071821,2.500002,0.518636139,0.507150922
88,299.166906,16,22,26,24,28,12.23864615,14.9583453,9.785039388,1.38889,0.643939909,1.666668,0.523504692,0.510090952
357,2468.613086,8,128,103,118,48,24.89357734,25.46420375,12.29231458,1.666668,0.505642766,1.944446,0.593312233,0.513045333
157,18.611126,150,2,4,1,13,0.426751934,9.571436229,2.115885647,3.333336,1.805557,0.833334,0.694445,0.293464146
52,217.777952,5,21,14,12,23,15.07693514,16.68086441,7.09002656,1.38889,0.515873429,1.111112,0.476190857,0.485913047
268,2073.057214,49,77,59,83,56,27.8470372,34.07765283,18.949245,3.333336,0.479798364,3.055558,0.569680305,0.497720998
351,2956.113476,87,110,70,84,62,30.31911257,40.31063831,20.5662874,3.888892,0.477273109,7.500006,0.734127571,0.645052322
145,2013.334944,17,41,25,62,79,49.98624689,56.6250453,26.58581133,3.888892,0.57588122,6.111116,0.8888896,0.770767666
300,4421.947982,20,78,76,126,85,53.06337578,56.85361691,23.84452123,8.055562,0.747863846,6.94445,0.723684789,1.030091235
163,832.778444,85,24,15,39,48,18.39265275,38.43592818,20.75858757,3.611114,0.578704167,1.666668,0.796296933,0.445973401
52,27.222244,38,6,5,3,14,1.884616892,7.0000056,3.649624456,1.666668,0.740741333,2.222224,0.7777784,0.468119806
152,1658.890216,19,46,51,36,77,39.28950512,44.90229156,26.47943888,1.111112,0.50120813,0.833334,0.446623451,0.412635144
162,1823.334792,11,62,56,33,67,40.51855093,43.47023345,18.07892367,1.38889,0.483871355,2.222224,0.505952786,0.517815744
35,67.500054,5,15,7,8,13,6.942862697,8.10000648,3.621365173,1.666668,0.370370667,0.555556,0.317460571,0.374555779
855,10094.7303,94,272,261,228,76,42.50412757,47.7543089,22.4127174,3.611114,0.450368007,3.611114,0.468284751,0.452844493
200,1055.5564,54,52,51,43,45,19.0000152,26.02741808,14.54329872,5.277782,0.673077462,2.222224,0.604575647,0.655026561
130,218.611286,78,18,16,18,21,6.053850997,15.13462749,7.782221379,3.611114,0.586420222,1.38889,0.538194875,0.420268337
271,1034.445272,135,53,23,60,55,13.74170841,27.38237485,16.7061664,0.833334,0.351153321,1.666668,0.652174435,0.286921211
250,1097.778656,83,65,54,48,37,15.80801265,23.66468959,13.59346406,3.611114,0.555556,2.222224,0.637860593,0.526219587
331,3960.280946,12,109,96,114,69,43.07254201,44.69282572,19.10657985,7.777784,0.496942294,1.944446,0.558449521,0.641013164
82,1084.167534,12,35,15,20,76,47.59759905,55.75718746,27.70116535,2.77778,0.603175086,2.222224,1.3333344,0.803878206
436,8208.617678,10,112,118,196,87,67.77757716,69.3686001,16.90877618,7.222228,0.478671018,1.944446,0.440207508,0.515725706
276,4118.05885,32,74,58,112,86,53.71381109,60.75824533,25.78332003,1.944446,0.472973351,4.16667,0.569923828,0.476124474
79,387.222532,29,19,24,7,53,17.64558374,27.8800223,18.58662186,2.222224,0.847953895,1.111112,0.648148667,0.640979902
215,2561.390938,15,55,50,95,66,42.8884064,46.10503688,16.7885866,2.222224,0.419192255,2.500002,0.42222256,0.390525226
142,1115.556448,20,31,34,57,46,28.28171277,32.91805912,14.23379566,3.055558,0.573477161,1.944446,0.490196471,0.482269786
61,212.50017,11,12,13,25,20,12.54099364,15.30001224,7.301994637,1.666668,0.601852333,1.111112,0.448718308,0.42018324
261,1018.334148,7,35,31,188,21,14.04598825,14.43308241,4.283891238,2.222224,0.396825714,0.833334,0.340502065,0.232853976
135,425.555896,46,14,13,62,20,11.34815723,17.21349692,8.289823395,3.611114,0.515873429,0.555556,0.299145538,0.338925793
251,300.555796,180,6,6,59,17,4.310760421,15.23944881,6.910791838,3.611114,0.833334,0.277778,0.277778,0.236175273
156,169.722358,120,10,7,19,24,3.9166698,16.9722358,7.544242268,3.611114,0.694445,2.222224,0.873016571,0.387055355
77,317.500254,4,30,23,20,34,14.84416772,15.65754677,9.683226049,2.222224,0.620370867,1.38889,0.64009713,0.641500812
1640,31048.91373,122,459,339,720,108,68.15615209,73.6337875,34.26525071,6.111116,0.507141534,6.94445,0.686660661,0.667342366
69,171.111248,37,9,10,13,30,8.927543374,19.2500154,10.80756658,6.666672,1.111112,1.38889,0.6666672,0.879721248
338,738.056146,248,38,38,14,48,7.860953034,29.52224584,14.44918082,5.000004,1.352340263,6.111116,1.301170632,0.870400969
135,1250.278778,11,48,32,44,47,33.34076741,36.29841614,13.34399242,1.111112,0.410879958,1.666668,0.581597688,0.449326102
376,4028.336556,4,119,114,139,56,38.56917979,38.98390215,11.79380652,3.611114,0.611578454,5.55556,0.618908877,0.761675004
199,1493.334528,34,64,52,49,45,27.01509699,32.58184425,14.54789283,1.38889,0.538194875,2.77778,0.619658615,0.540547854
79,401.666988,8,20,37,14,36,18.30381211,20.36621348,11.90922335,1.111112,0.5694449,0.555556,0.300300541,0.396645298
378,2514.168678,64,126,104,84,41,23.9444636,28.82486382,12.51649663,5.55556,0.681217476,3.611114,0.793269865,0.822926209
193,1602.77906,53,43,33,64,51,29.89639697,41.21431869,20.46362722,3.611114,0.419896977,1.666668,0.513468424,0.422563808
95,891.111824,13,34,12,36,57,33.76844807,39.12198252,18.58817551,1.38889,0.522876235,5.55556,1.203704667,0.822813582
312,1496.390086,180,56,34,42,62,17.26603945,40.81063871,21.35347287,4.16667,0.629960821,4.444448,0.874183706,0.595349502
136,182.777924,95,16,14,11,22,4.838239165,16.04879333,7.651889709,3.611114,0.572917125,1.38889,0.575397286,0.407231807
92,564.444896,9,27,44,12,46,22.08697419,24.4819473,15.40989562,6.94445,0.699589037,0.833334,0.422980136,0.857170079
64,465.27815,5,24,14,21,41,26.17189594,28.38985322,13.39456735,2.222224,0.59027825,1.944446,0.734127571,0.635001143
77,3.611114,76,1,0,0,13,0.168831304,13.0000104,1.481487494,3.611114,3.611114,0,0,0.416975528
221,145.000116,180,17,13,11,16,2.36199284,12.7317175,5.136783891,3.333336,0.555556,1.666668,0.470085846,0.295598094
190,560.833782,119,29,23,19,43,10.62632429,28.43664247,15.78701972,3.333336,0.431034828,1.38889,0.531401391,0.354967106
245,1197.778736,10,73,75,87,34,17.60001408,18.34895085,8.661389734,3.888892,0.593607781,3.333336,0.503704107,0.577416725
204,7.777784,202,2,0,0,15,0.137255012,14.0000112,1.386345912,3.611114,2.083335,0,0,0.25706634
33,72.777836,5,14,0,14,14,7.939400291,9.357150343,5.267467335,0.277778,0.277778,0,0,0.18667279
90,28.888912,84,5,0,1,21,1.15555648,17.3333472,4.385653606,3.888892,1.1666676,0,0,0.428084648
286,2853.057838,1,85,73,127,56,35.91261614,36.03862532,14.45632438,8.055562,0.535948141,5.277782,0.620244027,0.796493286
51,235.000188,10,18,15,8,35,16.58824856,20.63416285,13.35091977,3.611114,0.848766111,1.944446,0.796296933,0.91183607
186,23.61113,180,3,3,0,16,0.456989613,14.166678,2.523570951,3.888892,1.666668,0.833334,0.555556,0.302355019
243,49.444484,234,6,2,1,23,0.732510874,19.7777936,3.798440942,4.16667,1.111112,2.500002,1.38889,0.323071111
55,36.944474,47,4,3,1,20,2.418183753,16.6250133,6.060469695,4.16667,1.38889,1.666668,1.018519333,0.641878944
262,3010.280186,7,79,59,117,53,41.36262851,42.49807321,11.36212594,1.944446,0.411392734,2.500002,0.532015492,0.447240497
32,104.16675,13,8,4,7,25,11.71875938,19.73685789,10.58676707,3.055558,0.9027785,2.77778,1.38889,0.904379646
45,205.277942,3,13,13,16,23,16.42223536,17.59525217,6.982083854,2.222224,0.598291077,1.111112,0.534188462,0.557168648
312,1090.556428,137,54,57,64,49,12.5833434,22.43430366,14.79374089,0.833334,0.349794519,1.111112,0.326510982,0.219177341
50,262.50021,13,20,12,5,45,18.90001512,25.54056097,16.31857587,2.222224,0.7500006,1.944446,0.9027785,0.812827033
138,848.889568,58,29,17,34,48,22.14494525,38.20003056,20.27243309,3.611114,0.507663241,1.944446,0.669935176,0.471597426
96,191.66682,66,12,8,10,31,7.18750575,23.0000184,11.21682242,3.611114,0.787037667,1.666668,0.65972275,0.493755725
235,1983.890476,45,70,66,54,55,30.39151367,37.58950376,17.80593186,3.611114,0.559524257,3.333336,0.505050909,0.556449417
314,2734.168854,68,104,79,63,61,31.34715884,40.01222713,20.48526022,4.722226,0.536859404,2.77778,0.661041316,0.59614092
154,720.278354,71,39,23,21,47,16.83767581,31.24098885,17.11570421,3.333336,0.512820923,2.222224,0.821256696,0.519675053
79,410.555884,14,31,16,18,34,18.70887573,22.73847973,11.97877599,1.38889,0.519713677,1.944446,0.920139625,0.643320676
131,904.722946,29,36,30,36,44,24.86261531,31.93139809,15.2233441,3.333336,0.470679389,1.944446,0.490741133,0.479257153
182,1333.3344,33,45,65,39,53,26.37364747,32.21479087,18.12244928,2.500002,0.555556,1.38889,0.380342185,0.432815009
153,1698.334692,10,41,42,60,60,39.96081628,42.75527896,18.2305709,1.666668,0.53523078,1.944446,0.515873429,0.483245116
680,7278.894712,129,223,150,178,88,38.53532495,47.55720683,28.34983312,16.66668,0.579223184,5.000004,0.848148827,0.928483774
200,2411.11304,10,90,49,51,71,43.40003472,45.68424707,20.39607805,1.666668,0.478395444,4.444448,0.833334,0.738106173
241,2687.224372,42,94,61,44,73,40.14111095,48.61310422,22.87021383,2.222224,0.478723787,3.333336,0.683060656,0.59484549
256,2280.55738,79,79,46,52,61,32.07033816,46.3842179,24.11156539,5.277782,0.513361873,3.333336,0.797102087,0.638970227
442,5089.448516,65,156,127,94,81,41.45252185,48.59950838,25.13173917,3.611114,0.50569841,2.500002,0.616798394,0.572654017
264,4379.447948,13,103,86,62,91,59.71974475,62.81279925,23.77374799,1.944446,0.45577167,2.222224,0.523256233,0.497674282
174,1742.223616,29,76,41,28,75,36.04600585,43.25520702,23.69332388,1.944446,0.581140816,3.055558,1.043361268,0.779080836
157,1382.778884,28,59,36,34,58,31.70703174,38.58917816,18.35485723,2.500002,0.564972203,5.277782,0.856482167,0.756954298
249,3097.502478,12,108,87,42,76,44.78316836,47.05067055,16.9551459,1.38889,0.483539481,1.944446,0.555556,0.534930187
188,1871.112608,50,61,36,41,65,35.8298159,48.81163325,24.72593663,4.444448,0.446266295,1.944446,0.686728944,0.559647864
572,9710.007768,26,200,166,180,88,61.111937,64.02202924,21.08488553,7.222228,0.47777816,3.055558,0.547189193,0.589256122
201,2692.779932,47,45,46,63,87,48.2288943,62.94810231,32.15816169,7.222228,0.827161156,5.277782,0.785024783,0.945175696
188,2497.501998,16,61,56,55,87,47.82450634,52.27329763,24.52382967,3.055558,0.482696197,1.944446,0.466270214,0.491363471
131,471.944822,64,27,21,19,38,12.96947602,25.35822924,14.11433474,5.277782,0.637860593,2.500002,0.701058762,0.639165527
243,1995.279374,21,88,75,59,48,29.55969443,32.35588174,13.75672409,2.500002,0.517677182,2.222224,0.57777824,0.552087354
83,398.333652,40,23,12,8,45,17.27712226,33.34886389,18.60324733,1.666668,0.543478696,2.222224,0.879630333,0.554697998
106,1479.16785,13,46,29,18,81,50.23588925,57.25811032,26.98555236,1.944446,0.489130826,1.666668,0.708812828,0.59986296
157,1971.112688,6,62,38,51,71,45.19748839,46.99341508,19.8101371,2.222224,0.510753097,4.444448,0.723684789,0.688053576
189,587.778248,105,38,25,21,48,11.19577615,25.19049634,14.9665863,3.333336,0.511696316,1.944446,0.73333392,0.468525097
136,1572.22348,35,48,32,21,74,41.61768035,56.03964879,29.00014274,1.666668,0.468750375,2.77778,0.65972275,0.556074001
244,2941.66902,29,58,54,103,75,43.40167407,49.25585336,21.39388007,1.666668,0.445402655,2.77778,0.447531222,0.401666324
86,697.500558,24,26,21,15,54,29.19769778,40.5000324,21.25963852,1.944446,0.608974846,1.944446,0.674603714,0.604643989
48,209.444612,4,16,12,16,24,15.7083459,17.13637735,7.061909613,1.944446,0.6250005,1.111112,0.509259667,0.549484167
221,620.83383,130,26,21,44,38,10.11313026,24.56045921,13.34169335,4.16667,0.705128769,4.444448,0.595238571,0.517126361
126,770.83395,1,52,40,33,39,22.02382714,22.20001776,9.0478411,1.666668,0.614316731,5.55556,0.71527835,0.804458554
128,208.889056,88,18,14,8,28,5.8750047,18.80001504,9.313439616,4.16667,0.725309222,1.944446,0.813492714,0.54666653
37,272.777996,2,16,9,10,36,26.54056177,28.0571653,10.55039387,2.500002,0.694445,1.666668,0.956790889,0.846458177
99,930.834078,31,13,37,18,69,33.84851193,49.27945119,27.37284653,7.222228,1.495727692,1.944446,0.487988378,0.978238595
184,2028.890512,31,66,25,62,68,39.69568393,47.73860028,23.75431586,1.666668,0.441919545,4.722226,1.03333416,0.690925701
372,3880.55866,3,145,100,124,58,37.55379348,37.85910888,13.77660863,2.500002,0.503831821,6.388894,0.71944502,0.667104995
55,66.66672,12,10,5,28,9,4.363639855,5.581399814,3.335352924,0.277778,0.277778,0.833334,0.4444448,0.194556877
82,568.05601,6,46,23,7,48,24.93904434,26.90791626,13.79957734,1.944446,0.513285435,1.944446,0.966184348,0.747295101
596,6712.227592,7,218,132,239,72,40.5436566,41.02549971,14.25682003,5.55556,0.533894413,7.222228,0.871212818,0.841169102
137,1098.61199,10,42,32,53,42,28.86863623,31.1417572,11.69264319,2.77778,0.562169762,5.277782,0.607639375,0.666409949
97,4.722226,96,1,0,0,17,0.175257872,17.0000136,1.726088481,4.722226,4.722226,0,0,0.484490165
107,508.611518,7,46,30,24,37,17.11216322,18.31001465,9.748078768,1.944446,0.64009713,2.77778,0.833334,0.742392933
146,63.611162,132,3,6,5,19,1.568494405,16.35715594,4.91009872,4.722226,1.851853333,0.555556,0.462963333,0.408878145
56,187.777928,20,17,8,11,28,12.07143823,18.7777928,11.13856061,0.833334,0.473856588,1.38889,0.86805625,0.469095565
76,623.056054,13,18,29,16,66,29.51318151,35.60320309,22.08920908,7.222228,1.033951444,1.38889,0.622605862,1.026225197
56,348.055834,13,20,17,6,45,22.3750179,29.1395582,15.87515211,3.055558,0.7916673,1.38889,0.686275059,0.751275999
828,19666.6824,50,210,146,422,110,85.50731478,91.0026435,26.28172538,3.888892,0.396825714,4.16667,0.540335288,0.432453941
1053,17541.6807,95,251,255,452,106,59.97155795,65.91863311,25.15085938,4.722226,0.437140677,2.77778,0.425926267,0.411636987
41,105.000084,17,10,7,7,20,9.219519571,15.7500126,8.202171039,2.222224,0.694445,1.111112,0.476190857,0.505196576
332,1976.946026,106,95,66,65,53,21.43676414,31.49117564,17.43522078,3.611114,0.470760611,1.944446,0.614478606,0.474519452
149,155.833458,121,11,7,10,24,3.765103683,20.03573031,7.922248232,3.888892,0.757576364,1.944446,0.634921143,0.391498953
139,685.000548,87,22,15,15,59,17.74102139,47.42311486,24.30463012,4.722226,0.757576364,2.77778,0.7777784,0.601319208
133,286.666896,94,18,11,10,37,7.759404704,26.46155963,12.48644743,3.611114,0.787037667,1.666668,0.858586545,0.484784412
85,190.000152,53,7,11,14,28,8.047065261,21.3750171,10.98256831,3.333336,1.269842286,1.111112,0.479798364,0.52545681
196,1205.55652,86,41,33,36,52,22.14287486,39.45457702,21.85500001,3.611114,0.453929902,2.222224,0.521885939,0.434654106
103,658.33386,10,44,29,20,42,23.00972715,25.48389135,13.55200235,2.77778,0.549242864,2.77778,0.814176897,0.707927983
200,1067.778632,29,67,56,48,35,19.22001538,22.47955015,9.862960506,2.500002,0.530680358,1.38889,0.565476643,0.514020096
90,227.222404,46,17,18,9,25,9.08889616,18.59092396,9.963579119,3.333336,0.522876235,0.833334,0.416667,0.438206251
49,196.111268,17,12,9,11,28,14.40817479,22.06251765,11.36866741,3.611114,0.694445,0.833334,0.524691778,0.631614446
158,207.777944,125,14,12,7,30,4.734181003,22.6666848,9.56067964,4.16667,0.793651429,1.944446,0.810185833,0.464917898
58,216.389062,28,12,12,6,40,13.43104523,25.96668744,16.31177819,6.666672,0.925926667,1.111112,0.601852333,0.96081823
79,197.22238,55,11,9,4,38,8.987348962,29.583357,14.45017405,4.444448,0.959596727,1.944446,0.925926667,0.680414362
87,343.611386,33,16,33,5,42,14.21840218,22.90742573,15.38152417,1.38889,0.72916725,0.555556,0.345118121,0.407580998
60,110.277866,6,2,12,40,13,6.61667196,7.351857733,4.495163754,1.944446,1.805557,0.277778,0.277778,0.359227617
92,544.722658,37,18,25,12,51,21.31523444,35.65457398,20.87215367,6.388894,0.833334,1.38889,0.555556,0.888117659
34,49.722262,11,10,4,9,17,5.264710094,7.782614922,5.338873014,1.666668,0.6111116,1.111112,0.6250005,0.488585366
148,146.111228,122,12,10,4,28,3.554056897,20.23078542,8.259633653,3.333336,0.648148667,1.111112,0.6388894,0.349403627
143,705.278342,14,49,19,61,36,17.75525896,19.68218629,10.95330472,0.833334,0.340136327,4.444448,0.730994737,0.486217027
513,5050.559596,8,214,151,140,74,35.44252348,36.0039892,17.95983766,2.222224,0.497144738,4.444448,0.700883563,0.679748268
68,537.50043,16,25,14,13,49,28.45590512,37.21156823,19.22252552,1.944446,0.56666712,1.944446,0.892857857,0.654133546
66,263.8891,24,19,19,4,35,14.39395091,22.61906571,12.25483112,2.77778,0.833334,1.666668,0.657895263,0.692706712
113,419.167002,51,25,24,13,43,13.35399298,24.33872915,14.08197959,3.611114,0.67777832,1.38889,0.65972275,0.564246789
172,72.777836,156,5,6,5,20,1.523257033,16.3750131,4.995264996,3.888892,1.1666676,1.38889,0.740741333,0.348120034
33,100.277858,5,12,7,9,19,10.93940269,12.89286746,6.407707244,1.666668,0.532407833,0.833334,0.436508286,0.473301907
218,32.500026,206,4,6,2,16,0.536697677,9.7500078,2.494423663,3.333336,1.666668,2.222224,1.018519333,0.347479607
174,251.944646,116,19,30,9,30,5.212647848,15.63794354,8.893438571,5.000004,1.023392632,2.222224,0.6111116,0.613134329
152,33.611138,146,3,3,0,24,0.796053268,20.1666828,3.990616171,4.722226,2.222224,1.666668,0.833334,0.427332963
164,24.722242,157,2,0,5,13,0.542683361,12.71429589,2.579652827,3.333336,1.805557,0,0,0.262799383
160,43.888924,149,5,4,2,18,0.98750079,14.36364785,3.706169427,3.611114,1.0555564,0.833334,0.4861115,0.3078011
186,309.444692,149,16,15,6,44,5.989252103,30.10813219,12.9406083,3.611114,0.850695125,2.500002,0.796296933,0.457903473
118,544.722658,35,33,36,14,41,16.61865736,23.62652493,13.79949181,2.500002,0.589226061,1.111112,0.4861115,0.491385305
83,493.333728,5,25,32,21,39,21.39760748,22.76924898,10.15002074,2.77778,0.75555616,1.944446,0.572917125,0.710547756
83,496.111508,27,20,17,19,40,21.5180895,31.89288266,15.91468217,3.055558,0.7083339,2.500002,0.637255412,0.621896846
206,531.94487,114,35,30,27,35,9.296123942,20.81523404,11.97170177,3.333336,0.619048114,2.222224,0.685185733,0.481911121
44,239.444636,3,19,10,12,31,19.59092476,21.02440706,8.546230454,1.944446,0.584795789,1.38889,0.6666672,0.61816565
596,8843.895964,141,128,108,219,95,53.41950582,69.97368235,33.8841609,4.444448,0.399305875,1.111112,0.460391315,0.349250809
844,19773.07137,9,172,153,510,104,84.34011487,85.24917,18.23724652,3.611114,0.402132105,3.888892,0.426652484,0.34275659
151,918.889624,52,49,26,24,54,21.90730229,33.41416815,18.25645128,3.888892,0.493197673,5.277782,0.747863846,0.65679103
470,5231.393074,80,108,83,199,71,40.07024482,48.28978222,23.33489764,4.16667,0.429527093,2.222224,0.512048602,0.427024196
96,377.222524,55,19,12,10,44,14.14584465,33.12197772,17.70933692,3.888892,0.657895263,1.666668,0.833334,0.585062075
211,2559.446492,13,61,60,77,71,43.66828138,46.53539076,20.07186817,1.666668,0.464481246,1.944446,0.4583337,0.440255059
107,693.889444,25,32,28,22,44,23.34581307,30.463439,16.79853026,2.77778,0.512153188,1.38889,0.565476643,0.514344911
96,716.389462,4,16,40,36,51,26.86460483,28.03263112,17.06188105,9.72223,1.28472325,1.38889,0.49305595,1.163440687
264,809.167314,112,58,39,55,42,11.03409974,19.16448902,13.03675605,1.111112,0.464559759,1.666668,0.655271179,0.393960345
376,5508.615518,17,112,106,141,80,52.74206347,55.23959851,21.33116506,8.33334,0.550595679,1.944446,0.566038189,0.710669623
508,6969.172242,12,126,140,230,75,49.38783479,50.58270176,17.97360569,2.222224,0.425485349,1.38889,0.369047914,0.337054962
178,1387.223332,5,58,50,65,49,28.05620222,28.86707512,14.54652349,4.444448,0.598659483,2.77778,0.6666672,0.669698505
190,126.111212,132,13,1,44,13,2.389475596,7.827592469,4.306497458,0.277778,0.277778,0.277778,0.277778,0.075802397
93,271.666884,50,14,15,14,29,10.51613745,22.74420424,11.96971986,3.888892,0.634921143,1.38889,0.5000004,0.498437789
64,285.000228,17,19,13,15,30,16.03126283,21.8298047,10.74076754,1.38889,0.482456526,0.833334,0.363248154,0.359764802
317,1484.167854,173,43,62,39,76,16.85490307,37.10419635,22.94388621,12.777788,1.014212698,1.666668,0.672043548,0.897855631
140,2310.279626,14,50,32,44,92,59.40719038,66.00798931,29.38038704,3.055558,0.5277782,2.500002,0.789931188,0.626508344
829,19211.95981,8,170,174,477,102,83.4294998,84.24245473,16.12380849,12.222232,0.483660518,3.888892,0.451788356,0.580442008
1346,24601.40857,133,357,295,561,103,65.79871534,73.01324885,29.46527712,6.94445,0.456738616,7.500006,0.540490075,0.568377228
90,118.05565,61,14,10,5,18,4.722226,14.65518414,6.976731436,3.611114,0.714286286,1.666668,0.555556,0.519675053
232,258.611318,153,28,33,18,18,4.012934245,11.78481955,6.007557004,3.611114,0.724206929,2.222224,0.597643576,0.453856035
472,3090.835806,131,126,87,128,71,23.5741714,32.63052464,21.56663523,1.666668,0.445326635,3.611114,0.628991563,0.478902518
109,515.833746,7,25,33,44,34,17.03671088,18.20589692,8.011480889,2.77778,0.7222228,1.111112,0.446128303,0.524852946
856,10641.3974,63,260,225,308,77,44.75354048,48.30899199,20.91159307,3.611114,0.419872131,3.333336,0.481481867,0.427318867
459,5864.171358,34,157,121,147,71,45.99350085,49.67298091,20.56892664,6.111116,0.452937376,3.055558,0.557851686,0.582411196
493,7075.283438,52,184,124,133,88,51.66535573,57.75741582,23.33712702,3.888892,0.410628348,2.500002,0.582437742,0.49417709
200,1360.001088,45,61,54,40,50,24.48001958,31.58712204,16.64013432,4.444448,0.514572361,1.666668,0.560700037,0.546360931
231,2450.557516,7,80,65,79,56,38.19050674,39.38396008,13.39364208,1.944446,0.5138893,2.500002,0.6111116,0.574343157
91,544.167102,26,28,24,13,47,21.52748975,30.13848565,16.54108733,1.666668,0.545635357,1.666668,0.59027825,0.506580769
116,919.44518,11,37,38,30,44,28.53450559,31.52383474,12.92818359,1.666668,0.442943297,1.111112,0.387427211,0.409704997
58,448.61147,4,27,16,11,42,27.84484986,29.90743133,13.61217428,2.222224,0.586420222,1.666668,0.711806125,0.680414362
131,410.555884,59,29,26,17,32,11.28245177,20.5277942,11.23132625,4.444448,0.603448759,1.111112,0.544872231,0.53694093
208,206.111276,180,14,9,5,39,3.567310546,26.5000212,9.407843806,4.16667,0.833334,1.944446,0.771605556,0.39616057
52,22.777796,46,3,2,1,17,1.576924338,13.6666776,4.632985544,3.888892,1.574075333,2.222224,1.666668,0.658515504
301,2849.724502,20,107,91,83,60,34.08308374,36.508926,13.95527661,3.055558,0.475078262,2.500002,0.552503495,0.552761903
220,2092.779452,9,87,61,63,50,34.24548194,35.7061897,12.66908391,1.944446,0.494891839,2.77778,0.683060656,0.587451352
384,6574.171926,34,86,80,184,91,61.63286181,67.6200541,24.71409501,4.722226,0.497416419,2.222224,0.5138893,0.488624122
252,3830.280842,25,106,47,74,79,54.71829774,60.74454199,24.94495901,0.833334,0.366876604,1.944446,0.709220426,0.465475041
88,370.83363,47,15,17,9,45,15.17046668,32.56100166,17.9803351,4.16667,0.870371067,1.38889,0.686275059,0.629025014
210,2560.557604,17,54,60,79,77,43.89527321,47.76169624,20.33707521,1.666668,0.462963333,1.666668,0.379629933,0.368473892
142,1191.389842,9,45,41,47,49,30.20424952,32.2481461,15.23645253,1.944446,0.487654711,1.666668,0.501355415,0.478253192
261,730.55614,145,47,24,45,51,10.07663641,22.67243193,15.74416466,1.111112,0.472813617,3.055558,0.879630333,0.437336252
245,3271.391506,26,79,96,44,85,48.06942621,53.77629873,25.52657089,13.333344,0.829817823,2.222224,0.665509792,1.155932769
95,970.83411,28,25,26,16,70,36.78950312,52.16422084,28.03109775,1.944446,0.7777784,1.38889,0.598291077,0.591715026
129,943.05631,45,31,38,15,67,26.31785051,40.416699,25.21686703,4.16667,0.618280065,1.111112,0.489766474,0.546737091
444,8404.728946,2,136,97,209,101,68.14645091,68.4548059,26.21018895,2.500002,0.439134338,1.38889,0.604238742,0.435813982
320,5728.615694,25,101,55,139,88,64.44692656,69.9085305,24.24348129,1.944446,0.420792416,3.333336,0.752525855,0.517569676
62,376.666968,23,20,15,4,56,21.87098524,34.76925858,21.32302986,2.77778,0.7916673,1.666668,0.962963733,0.768295986
332,3771.947462,21,108,101,102,87,40.90063513,43.66241435,22.27944739,1.944446,0.483539481,1.666668,0.481298515,0.460007769
321,46.944482,309,4,4,4,16,0.526480172,14.0833446,2.726046199,3.611114,1.1805565,1.666668,0.7638895,0.231728256
87,1012.778588,7,32,39,9,80,41.9080795,45.57503646,21.44361573,10.277786,1.189237063,2.222224,0.968661744,1.459637218
179,2521.668684,2,82,62,33,86,50.71512437,51.28817662,22.4229604,2.77778,0.606369049,3.055558,0.770609935,0.795873457
106,1777.223644,2,49,21,34,80,60.35853885,61.51927998,21.90941901,2.222224,0.493197673,2.77778,1.058201905,0.742464313
84,377.77808,41,17,24,2,50,16.19048914,31.62793228,19.01899887,2.222224,0.816994118,1.111112,0.555556,0.562290258
197,2550.00204,5,52,61,79,74,46.59902205,47.81253825,18.69045918,1.666668,0.480769615,1.38889,0.400728918,0.399826176
165,1430.278922,6,45,56,58,47,31.20608557,32.38367371,12.39418479,7.500006,0.6666672,1.666668,0.505952786,0.775364486
269,3535.280606,23,115,71,60,81,47.31230551,51.73581375,22.23632982,7.500006,0.516908626,2.500002,0.821596901,0.774561472
61,386.11142,23,22,11,5,66,22.78690348,36.57897663,22.40097822,3.611114,0.833334,1.944446,1.464647636,0.983756694
57,800.278418,18,7,24,8,94,50.54390008,73.87185397,40.07139618,20.83335,3.730161714,4.444448,1.00694525,3.013952394
332,3921.947582,38,92,75,127,89,42.52714246,48.02384794,22.41363121,3.333336,0.50120813,5.000004,0.570370827,0.570916065
158,580.000464,66,34,31,27,37,13.21520045,22.69567033,12.80044872,3.611114,0.751634588,3.611114,0.716846452,0.674573787
102,249.444644,72,11,11,8,38,8.803928612,29.93335728,14.49140354,4.444448,0.959596727,1.944446,0.782828909,0.60284866
450,5721.393466,2,171,126,151,79,45.77114773,45.97548321,14.64969001,9.72223,0.474334363,7.222228,0.630511968,0.786332207
340,4838.614982,5,114,88,133,75,51.23239393,51.99705652,18.40968099,2.500002,0.426413596,1.944446,0.539773159,0.460270865
88,375.833634,30,30,16,12,36,15.3750123,23.32760487,12.54904173,2.222224,0.5277782,1.111112,0.642361625,0.501219128
149,110.277866,128,9,7,5,25,2.664431662,18.90477703,6.927823591,3.611114,0.771605556,1.666668,0.833334,0.384736804
471,7634.72833,21,187,120,143,96,58.35461144,61.07782664,24.85343367,4.722226,0.509507241,6.666672,0.782408033,0.786616573
37,58.055602,21,7,7,2,18,5.648653168,13.06251045,6.933077785,2.77778,0.793651429,1.111112,0.515873429,0.576968759
1229,15835.846,130,256,186,657,73,46.38653019,51.87356288,21.68191383,6.388894,0.445963898,5.277782,0.533154548,0.49127883
244,2234.72401,27,101,70,46,68,32.97133785,37.07376238,21.50268422,5.55556,0.555556,4.722226,0.789683171,0.825453142
69,813.88954,5,42,11,11,66,42.46380209,45.78128663,20.32499165,1.944446,0.476190857,5.000004,1.616162909,1.03713164
57,192.222376,15,14,14,14,33,12.14036059,16.47620366,10.07727039,2.222224,0.912699143,1.38889,0.873016571,0.704722492
69,477.500382,10,30,18,11,41,24.91306341,29.13561653,13.01101245,3.055558,0.592593067,1.944446,0.771605556,0.721488915
88,38.333364,80,3,3,2,19,1.568183073,17.2500138,5.019033782,4.444448,1.759260667,1.111112,0.555556,0.500323293
219,282.500226,180,15,12,12,32,4.643839332,26.07694394,10.21202277,3.611114,0.648148667,1.111112,0.4861115,0.304056753
341,1602.501282,180,55,54,52,49,16.9179021,35.8323268,19.28666873,7.222228,0.808081455,7.777784,0.632716556,0.789576136
82,739.722814,3,33,22,24,43,32.47563574,33.70888773,11.8135992,2.500002,0.53872097,1.38889,0.770202636,0.637226607
112,614.722714,29,35,28,20,50,19.75894438,26.66267193,15.00104833,3.333336,0.642857657,1.944446,0.674603714,0.637295403
105,89.166738,80,9,10,6,18,3.057145303,12.84001027,5.855353519,3.888892,0.802469778,0.833334,0.5833338,0.448905963
102,706.667232,15,42,24,21,49,24.94119642,29.2414027,14.60491137,1.666668,0.529100952,1.666668,0.72916725,0.589910488
163,1478.890072,55,48,30,30,79,32.66260282,49.29633573,27.22635362,3.888892,0.509259667,1.944446,0.740741333,0.584970566
310,4249.447844,22,141,73,74,81,49.34842658,53.11809805,21.03521275,1.111112,0.447202879,2.77778,0.818113288,0.624348805
150,949.445204,87,32,23,8,80,22.7866849,54.25401166,30.20146818,3.888892,0.703125563,3.055558,0.91787513,0.640551946
365,6349.449524,9,124,123,109,100,62.62470763,64.20791653,27.79959572,2.77778,0.521953823,3.611114,0.523938992,0.574553219
165,3307.502646,13,78,40,34,188,72.16369409,78.33558898,33.57214491,33.055582,1.111112,7.500006,1.75694585,2.993421545
181,2282.779604,60,55,46,20,93,45.40335124,67.91740971,37.45334565,3.888892,0.530303455,2.222224,0.60990387,0.546165645
183,2946.391246,37,60,34,52,98,57.961795,72.65074305,37.37181257,1.666668,0.462963333,7.222228,0.767974471,0.787842213
399,5579.726686,4,142,125,128,84,50.34339867,50.85320524,25.70112134,7.222228,0.61228531,7.222228,0.693333888,1.027785219
295,55.000044,268,1,12,14,13,0.671186978,7.3333392,2.468237056,3.611114,3.611114,0.277778,0.277778,0.218324927
180,231.389074,118,8,28,26,30,4.62778148,13.43549462,8.313703136,4.444448,1.0416675,0.555556,0.287698643,0.374187355
61,21.388906,52,4,4,1,12,1.262296092,8.5555624,3.265484341,1.38889,0.833334,1.111112,0.6250005,0.30039755
153,1918.890424,6,38,49,60,64,45.15036292,46.99323487,17.71736111,7.777784,0.811404158,1.944446,0.549887061,0.863153697
47,7.500006,45,2,0,0,14,0.574468545,13.5000108,2.756373491,3.611114,1.944446,0,0,0.539903385
59,276.38911,2,18,16,23,23,16.86442027,17.45615432,5.535022123,3.611114,0.617284444,4.16667,0.642361625,0.816928182
88,511.944854,1,13,18,56,30,20.94319857,21.18392499,5.155864766,4.722226,0.683761231,0.833334,0.308642222,0.549058045
151,1107.223108,50,23,13,65,58,26.39737211,39.46537811,24.04525718,5.000004,1.062802783,7.222228,1.602565385,1.021509095
166,1536.11234,2,32,66,66,58,33.31327966,33.71953917,18.78969912,1.666668,0.633681063,0.833334,0.303030545,0.382521735
101,931.94519,7,36,43,15,63,33.21784836,35.69151791,16.41255858,9.72223,0.933642722,2.500002,0.729974744,1.272019954
151,1150.00092,14,51,42,44,45,27.41724048,30.21900228,12.68771459,1.38889,0.522876235,1.38889,0.535714714,0.488601927
234,371.944742,180,23,23,8,43,5.7222268,24.79631613,11.43575907,5.000004,0.809179391,1.666668,0.603865217,0.46388037
161,1022.22304,81,35,23,22,55,22.85716114,46.0000368,24.38822901,3.888892,0.619048114,2.222224,0.857488609,0.578241018
228,1226.38987,26,70,70,62,45,19.36405058,21.85645313,12.62065734,2.77778,0.626984629,4.16667,0.623016371,0.655105531
313,870.278474,185,46,52,30,37,10.00959267,24.47658208,12.71141361,5.55556,0.851449957,2.500002,0.737180077,0.587041461
51,305.833578,4,24,17,6,42,21.58825256,23.42555066,13.13495561,2.222224,0.567130083,1.38889,0.686275059,0.681570547
31,1.944446,27,2,1,1,2,0.225806632,1.7500014,0.616964473,0.555556,0.416667,0.277778,0.277778,0.126349775
82,358.611398,3,37,24,18,29,15.74391503,16.34178523,7.463178708,1.38889,0.533033459,1.944446,0.72916725,0.642502375
142,297.778016,107,14,11,10,43,7.549301814,30.62859593,14.37224347,3.611114,0.932540429,2.222224,0.808081455,0.498565359
116,393.889204,80,21,10,5,58,12.22414771,39.3889204,20.2605147,3.611114,0.780423905,3.888892,1.527779,0.732163394
47,131.111216,7,13,12,15,19,10.04256123,11.80000944,5.060320693,3.333336,0.747863846,1.111112,0.462963333,0.650788794
249,1399.167786,82,67,49,51,46,20.22893185,30.16170078,15.94925823,3.888892,0.543118179,1.666668,0.64625902,0.50950668
662,6963.89446,110,186,173,193,67,37.87012093,45.416703,20.16545884,6.94445,0.476404204,2.222224,0.504175098,0.516855308
68,378.611414,10,28,24,6,38,20.04413368,23.5000188,13.21400639,2.77778,0.634921143,1.944446,0.59027825,0.686401781
99,121.111208,69,14,11,5,18,4.404043927,14.53334496,6.861485518,3.611114,0.694445,1.111112,0.555556,0.467711799
305,690.000552,180,31,56,38,37,8.14426881,19.8720159,11.6863692,3.333336,0.69892529,2.222224,0.38194475,0.368417403
78,418.611446,8,35,21,14,37,19.32052828,21.52858865,9.154508633,1.944446,0.531746457,1.944446,0.806878952,0.665325693
32,198.055714,2,14,12,4,37,22.28126783,23.76668568,10.83671887,2.500002,0.833334,1.666668,0.694445,0.8636469
168,615.000492,92,19,42,15,50,13.17858197,29.13160225,17.69005317,3.888892,0.760234526,0.555556,0.337301857,0.414149352
114,445.83369,16,44,33,21,27,14.07895863,16.37756412,8.960231445,1.666668,0.542929727,2.500002,0.690236242,0.612192895
88,558.889336,9,40,19,20,39,22.86365465,25.46837481,13.02445253,1.666668,0.416667,2.500002,0.760234526,0.596068558
107,623.889388,4,49,45,9,37,20.990671,21.80584269,8.86853174,4.16667,0.776644612,1.944446,0.771605556,0.973639203
110,85.555624,94,9,3,4,25,2.80000224,19.2500154,7.046112859,3.611114,0.771605556,1.944446,1.38889,0.442446996
211,1788.89032,21,75,58,57,55,30.52135143,33.89476396,16.42974278,2.500002,0.54444488,2.222224,0.641762966,0.59315904
141,404.722546,85,29,20,7,40,10.3333416,26.01787796,13.56185126,3.611114,0.699234276,1.38889,0.7638895,0.544453852
127,271.389106,84,19,14,10,35,7.69291954,22.72094841,11.1494265,3.888892,0.716374842,1.944446,0.714286286,0.532291073
249,861.1118,136,46,41,26,42,12.44980916,27.43365027,15.30280684,4.16667,0.628019826,2.500002,0.602981512,0.480475878
214,935.556304,101,43,41,29,41,15.73833035,29.80533358,15.88150751,3.611114,0.523256233,1.944446,0.528455707,0.454277729
80,451.944806,5,32,22,21,30,20.33751627,21.69335069,8.026764958,1.666668,0.45138925,1.38889,0.479798364,0.455785172
123,164.722354,82,13,14,14,19,4.821142068,14.4634262,7.093095835,3.611114,0.705128769,1.111112,0.555556,0.424813568
88,185.000148,36,20,20,12,22,7.568187873,12.80770255,7.502942648,2.77778,0.7361117,1.38889,0.6527783,0.594561429
82,43.05559,68,3,6,5,21,1.890245415,11.07143743,5.305497027,3.888892,2.037038667,2.500002,0.879630333,0.588437142
80,676.38943,12,29,24,15,49,30.43752435,35.80885218,16.64357842,1.944446,0.622605862,1.944446,0.706019083,0.656740486
79,240.555748,30,21,22,6,32,10.96203409,17.67348353,10.88688112,4.444448,0.925926667,1.944446,0.732323818,0.816938942
60,43.611146,50,4,4,2,17,2.61666876,15.70001256,5.923500072,4.444448,1.527779,0.833334,0.416667,0.612503259
137,463.333704,79,25,26,7,43,12.17519222,28.7586437,16.27109392,3.611114,0.75555616,1.666668,0.555556,0.525961122
568,6038.89372,70,159,161,178,62,38.27467851,43.6546534,18.20010054,3.888892,0.464710365,1.666668,0.44858559,0.447660008
34,31.94447,22,3,9,0,16,3.382355647,9.583341,5.365516755,1.944446,1.481482667,0.833334,0.432099111,0.533413326
46,269.722438,2,17,21,6,38,21.10871254,22.06819947,11.8513539,1.944446,0.767974471,1.38889,0.529100952,0.704473606
77,48.61115,64,2,1,10,14,2.272729091,13.46154923,5.085159946,3.611114,1.944446,0.555556,0.555556,0.423098844
127,338.055826,79,20,16,12,40,9.582684831,25.35418695,13.16587758,3.888892,0.7361117,1.38889,0.694445,0.507353742
213,713.333904,124,32,26,31,41,12.05634767,28.85395567,14.86596149,3.888892,0.581597688,1.666668,0.566239769,0.413694308
602,5210.837502,105,182,153,162,73,31.1611545,37.744497,20.0152758,3.333336,0.491453385,2.222224,0.561002627,0.496774973
446,2038.334964,165,120,85,76,49,16.45292796,26.11389989,15.31119229,3.333336,0.550926367,8.055562,0.735294706,0.626839915
88,59.166714,71,3,5,9,17,2.420456482,12.52942179,5.207690138,3.333336,1.574075333,0.833334,0.6111116,0.410702688
61,352.500282,3,19,14,25,28,20.80329533,21.87932785,8.119564176,2.222224,0.497076421,0.833334,0.436508286,0.448778664
132,81.388954,95,1,12,24,13,2.219698745,7.918925254,4.237805845,3.611114,3.611114,0.277778,0.277778,0.327767175
146,163.88902,119,13,10,4,29,4.041099123,21.85186933,8.760315466,3.333336,0.726496308,1.111112,0.555556,0.360100964
205,816.389542,57,33,40,75,39,14.33659684,19.85812399,13.842917,4.444448,0.547138485,1.666668,0.4444448,0.444153927
542,4709.72599,83,153,120,186,55,31.28231285,36.93902737,18.19781476,3.611114,0.450254536,5.55556,0.546296733,0.486442076
248,1146.112028,99,47,50,52,56,16.63711008,27.69129732,17.30312493,3.611114,0.626478043,7.222228,0.5833338,0.644184417
124,632.500506,51,32,20,21,45,18.36291792,31.19180578,17.20197317,4.16667,0.52083375,2.222224,0.7361117,0.577328821
131,1081.389754,12,42,24,53,41,29.71758103,32.71431189,11.14400481,2.500002,0.436508286,1.944446,0.613426417,0.473607559
73,48.888928,59,4,9,1,20,2.410960833,12.57143863,5.685839175,4.16667,1.4583345,1.111112,0.586420222,0.557508751
76,417.500334,16,25,16,19,40,19.77633161,25.05002004,14.24696336,1.666668,0.53333376,1.666668,0.7638895,0.55367594
222,280.278002,133,29,10,50,19,4.545048681,11.33708772,6.549169941,0.555556,0.316092207,0.833334,0.5277782,0.169587342
371,292.222456,338,18,11,4,45,2.835581783,31.87881338,9.80140232,5.277782,0.756173444,5.000004,1.186869636,0.447576647
46,358.611398,4,18,14,10,46,28.06523984,30.73811983,14.56235966,2.222224,0.802469778,2.77778,0.813492714,0.924136214
42,219.166842,14,14,11,3,40,18.78572931,28.17859397,14.79211345,4.16667,1.111112,3.055558,1.085859455,1.210009385
191,1770.556972,20,49,51,71,50,33.37175445,37.27488362,15.16238548,1.944446,0.60090751,1.38889,0.571895882,0.521048041
163,1644.723538,6,60,41,56,50,36.32518243,37.71340597,11.4179215,2.77778,0.398148467,2.500002,0.555556,0.500172903
44,447.778136,2,20,10,12,53,36.63639295,38.38098309,16.6105751,2.222224,0.7638895,1.944446,1.111112,0.875268359
125,25.833354,119,4,1,1,21,0.744000595,15.5000124,3.40280719,3.333336,1.4583345,1.38889,1.38889,0.352434071
193,59.166714,180,7,5,1,20,1.103627826,16.38462849,4.184499834,3.888892,0.992064286,1.38889,0.6666672,0.322216462
530,6111.393778,180,128,82,140,94,41.51135396,62.86005029,33.85899908,3.888892,0.460069813,5.55556,0.697832537,0.553711607
83,425.555896,29,21,20,13,43,18.45784609,28.37039307,16.24830288,2.222224,0.66137619,1.111112,0.5000004,0.49767063
108,71.388946,92,5,7,4,19,2.379631533,16.06251285,5.785443533,3.333336,1.111112,0.277778,0.277778,0.350742398
180,596.111588,118,39,16,7,52,11.92223176,34.61293092,18.14019136,4.16667,0.698006256,3.888892,1.21527875,0.62876052
61,323.055814,3,27,12,19,32,19.06558902,20.05174018,9.2301478,1.38889,0.524691778,1.666668,0.833334,0.581998309
115,331.111376,61,27,22,5,41,10.36522568,22.07409173,13.68334269,3.611114,0.617284444,1.38889,0.681818727,0.550617626
135,105.000084,109,10,11,5,21,2.80000224,14.53847317,5.954804908,3.333336,0.9166674,1.38889,0.479798364,0.385382517
187,606.667152,113,35,24,15,47,11.67915373,29.51353712,16.33235931,4.16667,0.761905371,3.611114,0.949074833,0.620122434
331,1318.05661,124,88,69,50,42,14.3353589,22.92272365,13.25641942,3.888892,0.530303455,2.500002,0.61996829,0.503282437
231,131.666772,207,11,12,1,31,2.051949694,19.7500158,6.358621885,3.611114,1.439395091,2.500002,1.111112,0.48669599
34,221.389066,2,15,13,4,37,23.44119522,24.90626993,10.78492544,1.944446,0.740741333,1.38889,0.683761231,0.812827033
70,448.889248,9,30,22,9,44,23.08573275,26.49182447,15.90801717,1.944446,0.537037467,1.944446,0.669192455,0.636469356
54,140.555668,9,17,14,14,18,9.370377867,11.24445344,5.352820792,1.666668,0.571895882,1.111112,0.456349571,0.471782475
109,135.000108,83,13,11,2,27,4.458719163,18.69232265,8.449777676,3.611114,0.705128769,2.222224,0.732323818,0.499509793
372,2904.724546,2,143,109,118,44,28.11023754,28.26218477,9.905004478,2.77778,0.512820923,3.055558,0.660041303,0.611145724
76,446.111468,5,29,20,22,34,21.13159585,22.61973641,10.95486754,2.222224,0.555556,4.16667,0.7500006,0.743395489
60,351.944726,2,28,20,10,33,21.11668356,21.84484506,9.159771418,1.666668,0.545635357,2.222224,0.7083339,0.699693371
54,104.444528,23,16,10,5,20,6.962968533,12.12904196,7.335524735,1.111112,0.555556,1.111112,0.555556,0.445911398
198,291.389122,154,22,17,5,36,5.297984036,23.84092816,10.51260283,3.333336,0.618687364,1.38889,0.718954824,0.383198876
33,238.333524,7,11,13,2,43,26.0000208,33.0000264,15.87450787,6.111116,1.439395091,3.055558,1.047009385,1.612008209
41,53.888932,20,13,6,2,16,4.731711102,9.238102629,5.643688467,0.833334,0.384615692,0.833334,0.601852333,0.347400517
49,60.277826,9,4,8,28,9,4.428574971,5.42500434,3.272358986,1.38889,0.6250005,0.277778,0.277778,0.253035364
180,1064.723074,22,75,54,29,50,21.29446148,24.25951308,12.65339278,2.222224,0.603704187,3.055558,0.776749593,0.700504709
73,14.166678,69,1,1,2,13,0.698630696,12.7500102,2.923491689,3.611114,3.611114,0.277778,0.277778,0.429826446
153,81.94451,134,9,8,2,22,1.928106118,15.52632821,5.334969757,3.888892,0.895062444,0.833334,0.4861115,0.363797119
188,682.500546,117,34,20,17,47,13.06915939,34.60566149,17.52463523,4.16667,0.522876235,1.666668,0.694445,0.455434973
156,353.889172,113,16,15,12,38,8.1666732,29.62793068,14.0459308,3.888892,0.72916725,2.77778,0.703704267,0.477991207
205,1217.500974,3,66,68,68,49,21.38050491,21.69803716,11.18917587,1.944446,0.500842152,1.38889,0.437091853,0.433324557
120,292.222456,84,6,20,10,37,8.76667368,29.2222456,13.77168776,6.111116,2.129631333,1.111112,0.4444448,0.724175832
208,912.222952,78,54,46,30,46,15.78847417,25.26155867,15.19863525,3.888892,0.46810737,1.38889,0.519324087,0.455943184
214,1304.16771,29,70,46,69,40,21.93926989,25.37839868,11.49856294,1.944446,0.373016171,2.222224,0.477053522,0.382034076
146,346.666944,107,22,9,8,45,8.547952044,32.0000256,15.25149272,3.333336,0.568182273,1.944446,1.265433111,0.484455238
67,620.83383,7,28,22,10,48,33.35823564,37.2500298,15.39549471,2.222224,0.595238571,1.38889,0.656566182,0.669864663
157,1173.889828,20,50,44,43,43,26.91721899,30.84674001,12.27200367,1.944446,0.51111152,1.666668,0.505050909,0.471193648
173,725.833914,70,35,29,39,36,15.10405833,25.36895233,13.41166777,3.888892,0.595238571,1.666668,0.593870207,0.500433395
162,774.722842,45,40,55,22,43,17.21606316,23.83762591,14.14640359,3.611114,0.60416715,1.111112,0.434343782,0.505086419
159,302.77802,79,26,25,29,22,6.855351396,13.6250109,7.889134074,3.333336,0.608974846,1.111112,0.48888928,0.417697809
100,165.555688,63,12,15,10,23,5.960004768,16.10812099,8.301052629,3.888892,0.740741333,1.111112,0.537037467,0.491647683
167,1394.723338,15,55,39,58,43,30.06589232,33.03292116,12.47606756,1.666668,0.429293273,1.38889,0.519943436,0.42376149
145,712.50057,52,27,33,33,41,17.68966932,27.58066723,14.83404364,3.611114,0.679012889,1.666668,0.446128303,0.484478441
107,248.889088,66,15,13,13,35,8.373838475,21.85367602,12.01690897,3.611114,0.740741333,1.666668,0.576923538,0.487196835
121,123.055654,104,12,5,0,34,3.661159954,26.05884438,9.3893146,3.888892,0.787037667,1.666668,0.8888896,0.448337652
273,1175.556496,142,51,39,41,44,15.5018439,32.30536936,17.09964838,3.611114,0.484749843,1.666668,0.519943436,0.389196582
423,3628.336236,46,118,107,152,50,30.87945733,34.64724257,15.04108521,4.444448,0.494350678,3.333336,0.532191495,0.509973955
293,377.222524,180,34,23,56,23,4.634815995,12.01770873,7.341457834,1.666668,0.367647353,0.833334,0.386473739,0.191981222
122,732.500586,49,25,23,25,44,21.61477139,36.12331657,18.91016025,3.888892,0.56666712,1.944446,0.519324087,0.515949736
86,421.667004,19,22,19,26,33,17.65117691,22.65673454,12.35910471,1.111112,0.454545818,1.38889,0.467836632,0.37611319
42,113.88898,4,16,9,13,17,9.761912571,10.78948232,5.950238871,0.833334,0.416667,0.833334,0.370370667,0.345830821
225,114.166758,180,12,12,21,12,1.826668128,9.13334064,3.817394399,3.333336,0.601852333,0.555556,0.324074333,0.250946481
147,584.72269,86,29,15,17,46,14.31973935,34.50822433,18.25128496,3.333336,0.440613379,1.944446,0.6666672,0.427851508
149,1282.501026,22,35,28,64,43,30.98660197,36.35435979,14.79407596,1.666668,0.555556,2.500002,0.605159214,0.484387515
71,307.500246,23,16,19,13,33,15.59156177,23.06251845,11.99354286,2.500002,0.694445,1.111112,0.409357053,0.500492196
255,188.611262,180,7,18,50,16,2.662747228,9.053340576,4.780618712,3.333336,0.912699143,0.833334,0.339506444,0.246356556
254,786.11174,180,31,18,25,59,11.1417412,38.24327384,17.9268273,7.222228,0.878136903,4.16667,1.049383556,0.696426302
175,908.611838,83,37,26,29,47,18.69144352,35.55437627,19.26782458,3.333336,0.487988378,1.666668,0.608974846,0.434868273
333,2911.946774,28,108,95,102,48,31.48050566,34.3705193,12.09140927,2.222224,0.43467113,2.222224,0.476608568,0.437210694
201,1816.945898,3,55,56,87,48,32.54231459,33.03537996,8.478175083,5.55556,0.494949891,1.38889,0.426587643,0.580805787
146,583.3338,74,22,25,25,41,14.38357315,29.16669,16.20568665,3.888892,0.568182273,1.111112,0.47777816,0.435530157
30,105.833418,3,12,4,11,18,12.70001016,14.1111224,5.902366562,1.111112,0.416667,1.38889,0.7638895,0.466586723
106,368.611406,4,35,29,38,23,12.51887794,13.00981433,6.072939403,1.944446,0.492063886,3.055558,0.555556,0.55421892
223,905.834058,132,29,26,36,52,14.62333008,35.8351935,19.57042708,3.888892,0.756705586,1.944446,0.705128769,0.516135794
331,2244.724018,118,66,63,84,52,24.41391681,37.93899749,20.79643735,3.888892,0.458754576,1.666668,0.458554159,0.379166653
45,305.000244,4,10,16,15,39,24.40001952,26.78050923,12.85478333,6.94445,1.3333344,1.111112,0.6250005,1.298755936
479,2555.835378,180,97,78,124,45,19.20878363,30.77259987,16.9117277,8.055562,0.644330412,6.94445,0.797721436,0.77812357
204,396.666984,122,11,25,46,42,7.0000056,17.41464808,10.26880109,3.888892,1.111112,3.611114,0.42222256,0.433515583
88,1118.05645,1,37,20,30,61,45.73867295,46.26440483,15.86834796,1.944446,0.570571027,3.888892,0.9166674,0.792497026
158,2116.946138,1,56,45,56,61,48.2342158,48.54144011,12.20899101,2.500002,0.496032143,2.500002,0.543210311,0.551983256
195,1713.612482,51,44,32,68,54,31.63592274,42.84031205,20.98786452,4.16667,0.688131864,7.222228,0.824653438,0.823440296
161,656.667192,101,33,15,12,59,14.68324156,39.40003152,21.4739442,3.611114,0.505050909,2.222224,1.0555564,0.520841029
115,585.278246,40,19,44,12,50,18.32175379,28.09335581,18.63384387,2.77778,0.730994737,0.555556,0.309343682,0.428582827
204,961.945214,85,49,48,22,62,16.97550378,29.10086362,18.68679857,3.611114,0.60090751,2.77778,0.584491208,0.529144333
304,3395.280494,3,71,96,134,69,40.20726901,40.60800591,14.32207833,5.000004,0.602504394,4.16667,0.367477146,0.564905228
162,668.05609,99,17,15,31,45,14.84569089,38.17463371,19.07180645,4.722226,0.751634588,1.944446,0.592593067,0.547687776
95,430.278122,55,20,14,6,53,16.3052762,38.72503098,21.13184231,4.16667,0.7361117,1.944446,0.972223,0.670588368
362,4487.50359,2,121,55,184,62,44.62710752,44.8750359,12.16241141,1.944446,0.38567524,7.222228,0.787879418,0.587799368
274,2208.057322,90,60,54,70,61,29.01097211,43.20112152,23.28380147,3.888892,0.546296733,2.222224,0.576132148,0.48523536
46,363.055846,1,9,21,15,40,28.41306621,29.04446768,9.241395005,7.222228,1.327161556,0.833334,0.38359819,1.165043091
84,39.444476,70,4,7,3,14,1.690477543,10.14286526,4.214079072,3.611114,1.111112,1.111112,0.555556,0.442407609
168,1830.001464,11,80,43,34,64,39.21431709,41.96181701,16.76614169,2.77778,0.49305595,2.77778,0.833334,0.698948473
389,3876.947546,77,121,73,118,65,35.87920608,44.73401015,22.44714992,4.16667,0.443067388,2.500002,0.700152767,0.523973514
148,1670.279114,6,49,39,54,62,40.62841088,42.3451043,17.98687367,6.388894,0.572562816,1.944446,0.690883744,0.739948163
96,661.944974,27,35,21,13,52,24.82293653,34.53625951,17.88442121,2.222224,0.555556,2.500002,0.873016571,0.681619703
117,641.111624,29,26,42,20,44,19.72651151,26.22729371,16.46606957,1.666668,0.480769615,0.555556,0.291005524,0.33872479
412,4011.947654,103,101,86,122,72,35.05585329,46.74113772,26.19010214,3.333336,0.464796851,5.277782,0.529716186,0.477395136
68,187.50015,40,10,10,8,30,9.926478529,24.10716214,12.40764831,3.055558,0.972223,1.111112,0.6111116,0.543858774
393,3077.78024,82,120,108,83,52,28.19340678,35.62703815,16.76969622,3.611114,0.456018883,1.944446,0.491255537,0.442451125
117,837.50067,23,40,35,19,45,25.76925138,32.07449374,14.9449476,2.222224,0.68750055,1.944446,0.682540229,0.641326468
156,619.44494,84,35,19,18,40,14.29488323,30.972247,16.28386019,3.888892,0.5000004,1.944446,0.730994737,0.488873702
126,714.722794,48,29,29,20,46,20.42065126,32.98720588,17.44905874,4.444448,0.718391379,1.944446,0.660920069,0.640853812
124,336.389158,17,26,22,59,22,9.766136845,11.31776606,7.229241514,0.833334,0.331196846,1.944446,0.378788182,0.276637223
56,147.777896,11,2,28,15,36,9.5000076,11.82223168,9.989084952,6.111116,5.000004,1.666668,0.3472225,1.034527109
142,717.778352,64,34,31,13,44,18.19719766,33.12823163,17.73974159,4.722226,0.857843824,3.055558,0.797491677,0.813250711
235,1243.334328,116,48,43,28,57,19.04682375,37.61347547,20.08108404,3.611114,0.682870917,3.888892,0.723514791,0.606291355
146,1015.834146,27,50,37,32,49,25.04796524,30.73111702,15.32873443,2.77778,0.50555596,1.944446,0.615616108,0.544351177
63,157.222348,4,6,16,37,17,8.984134171,9.593228014,5.857149101,2.500002,0.787037667,0.277778,0.277778,0.384703254
202,267.500214,167,10,12,13,33,4.767330547,27.51430773,10.6444259,4.444448,1.0277786,0.833334,0.509259667,0.375257414
115,42.777812,101,4,5,5,14,1.339131506,11.0000088,3.727298435,3.611114,1.1805565,0.833334,0.6666672,0.375961867
112,345.000276,46,18,21,27,28,11.08929459,18.81819687,10.16579105,3.611114,0.617284444,1.111112,0.462963333,0.46856913
252,451.111472,131,27,24,70,26,6.4444496,13.42149834,9.139516717,0.277778,0.277778,0.833334,0.300926167,0.134944084
213,176.111252,156,20,1,36,20,2.976528203,11.12281592,5.991693397,0.277778,0.277778,1.666668,1.666668,0.143103624
167,848.889568,77,37,25,28,43,18.29941584,33.95558272,18.01890405,3.611114,0.518018432,2.500002,0.70000056,0.499719737
89,404.16699,11,33,26,19,37,16.34832769,18.65386108,10.78941097,2.222224,0.648148667,4.722226,0.801282692,0.819922536
193,296.944682,146,24,21,2,34,5.538864535,22.74469905,10.42931529,3.888892,0.682870917,1.944446,0.621693619,0.432952402
156,535.278206,89,24,30,13,42,12.35257398,28.76121704,15.53385667,3.333336,0.65972275,1.666668,0.490741133,0.449912613
200,1410.556684,36,62,69,33,53,25.39002031,30.9634394,15.30881114,6.111116,0.707885871,2.222224,0.587762145,0.759444619
93,251.666868,67,10,10,6,41,9.741943277,34.84618172,16.12377614,4.16667,1.250001,4.444448,0.833334,0.793727738
153,450.833694,92,24,20,17,36,10.60785162,26.60657866,13.65613189,4.16667,0.648148667,2.500002,0.7222228,0.525298612
61,270.555772,5,26,19,11,29,15.96722589,17.39287106,7.907732952,1.944446,0.598291077,1.666668,0.599415684,0.65594857
162,167.222356,128,15,14,5,28,3.716052356,17.70589652,7.587558577,4.16667,1.0000008,3.611114,0.992064286,0.595767437
74,176.666808,36,16,16,6,25,8.59460147,16.73685549,8.97930485,3.333336,0.93750075,1.38889,0.694445,0.669298327
175,1028.611934,85,38,31,21,57,21.16001693,41.14447736,22.13016873,5.000004,0.606725632,3.611114,0.681004129,0.599201284
65,525.555976,9,23,18,15,48,29.10771559,33.78574131,17.32422714,2.500002,0.603865217,1.944446,0.679012889,0.635747326
61,164.166798,28,15,11,7,27,9.688532341,17.90910524,9.552558093,2.222224,0.7222228,2.222224,0.757576364,0.608366174
36,130.833438,7,11,10,8,26,13.0833438,16.2413923,8.250973968,2.77778,0.909091636,1.111112,0.6388894,0.772567194
164,448.61147,98,27,30,9,47,9.847568854,24.46971655,13.73482186,4.444448,1.069959704,2.77778,0.9166674,0.784157789
39,51.944486,21,4,8,6,14,4.794875631,10.3888972,5.61098306,3.333336,1.250001,1.666668,0.52083375,0.653843657
32,71.111168,13,9,9,1,26,8.0000064,13.47369499,9.469816226,1.944446,0.987655111,1.38889,0.864198222,0.854665925
35,128.611214,6,13,7,9,21,13.22858201,15.96553001,7.499355715,1.666668,0.470085846,0.555556,0.357143143,0.418766091
183,619.44494,113,27,21,22,43,12.1858021,31.85716834,16.12173522,4.444448,0.586420222,1.666668,0.595238571,0.45610882
139,470.000376,92,27,11,9,50,12.17267161,36.0000288,18.49086263,3.333336,0.534979852,3.055558,1.136364545,0.531197994
80,570.000456,15,25,18,22,44,25.65002052,31.56925602,14.79146179,3.055558,0.57777824,1.666668,0.694445,0.617136041
89,536.11154,3,19,41,26,43,21.68541061,22.44187842,13.74243222,2.77778,0.643275368,0.555556,0.291328146,0.45458613
148,375.0003,97,15,16,20,33,9.121628919,26.47060941,13.34110593,3.333336,0.685185733,1.38889,0.555556,0.386736032
50,187.222372,25,15,9,1,39,13.48001078,26.96002157,15.40638617,2.222224,0.7222228,2.222224,1.018519333,0.712722992
147,756.111716,78,18,24,27,48,18.51702162,39.44930692,20.24959115,6.111116,0.833334,1.666668,0.474537417,0.656937832
147,899.167386,51,45,30,21,52,22.02042578,33.71877698,19.07751649,4.16667,0.586420222,2.500002,0.759259867,0.644672823
237,300.833574,180,28,25,4,32,4.569623909,19.0000152,8.936712811,3.333336,0.793651429,1.944446,0.75555616,0.454814383
280,33.055582,271,4,4,1,19,0.42500034,13.2222328,2.468747306,2.77778,1.3194455,1.666668,0.9027785,0.229642491
58,240.27797,28,13,12,5,36,14.91380503,28.8333564,15.309995,3.888892,0.918804154,1.944446,0.717593167,0.75709521
155,521.667084,84,29,21,21,34,12.11613873,26.45072539,13.70418215,3.333336,0.632184414,1.666668,0.621693619,0.470526829
144,571.944902,45,46,29,24,39,14.29862255,20.79799644,12.63587957,4.16667,0.724638261,3.611114,1.072797793,0.864694888
45,66.388942,30,6,3,6,20,5.31111536,15.93334608,7.982430201,1.944446,0.925926667,1.111112,0.740741333,0.45228902
82,135.833442,55,8,9,10,21,5.963419405,18.1111256,8.630186931,4.16667,0.86805625,0.555556,0.370370667,0.501733509
141,46.944482,128,6,5,2,18,1.198582519,13.0000104,4.030632453,3.611114,1.203704667,3.055558,1.2222232,0.455644621
50,246.944642,5,15,19,11,30,17.78001422,19.75557136,9.152428026,3.611114,1.111112,1.944446,0.657895263,0.989431823
180,512.778188,107,28,31,14,35,10.25556376,25.28769146,13.33920262,3.611114,0.922619786,2.500002,0.752688774,0.631168914
59,175.833474,13,16,14,16,20,10.72882214,13.76088057,6.514785593,2.500002,0.555556,0.833334,0.376984429,0.455099265
108,237.50019,67,18,15,8,37,7.916673,20.85367522,11.23007061,3.611114,0.725309222,1.944446,0.629630133,0.523860423
135,345.278054,72,34,16,13,32,9.207414773,19.73017451,11.36379187,3.888892,0.751634588,6.111116,1.38889,0.946445638
337,96.111188,321,9,5,2,27,1.026707053,21.6250173,4.700797692,3.888892,0.987655111,1.666668,1.111112,0.283928812
45,134.72233,24,10,11,0,29,10.7777864,23.09525657,12.00168338,4.444448,1.38889,2.77778,0.909091636,1.037622174
42,84.72229,27,6,9,0,26,7.261910571,20.3333496,10.3099751,4.16667,1.620371667,2.77778,0.895062444,0.976183192
93,722.2228,10,37,22,24,43,27.95701161,31.32532627,12.16187376,2.500002,0.593093568,1.944446,0.808081455,0.6933758
95,327.222484,60,20,7,8,43,12.40000992,33.65716978,17.20860745,3.611114,0.6111116,1.944446,1.111112,0.558534874
87,170.000136,58,15,11,3,32,7.034488386,21.10346516,10.68845092,3.333336,0.740741333,1.666668,0.909091636,0.568477634
125,668.333868,36,35,36,18,35,19.2480154,27.03372949,13.24316988,2.222224,0.595238571,1.666668,0.478395444,0.49778733
178,39.444476,169,4,3,2,19,0.797753447,15.7777904,3.505217339,3.888892,1.3194455,1.111112,0.648148667,0.314771738
89,3.611114,88,1,0,0,13,0.146067533,13.0000104,1.377997244,3.611114,3.611114,0,0,0.387152058
258,414.166998,180,14,30,34,31,5.779074391,19.11539991,10.31156786,3.611114,0.615079857,0.277778,0.277778,0.262721494
121,46.666704,107,7,5,2,16,1.388430863,12.0000096,4.004938412,3.333336,0.992064286,1.666668,0.6111116,0.377690191
169,30.000024,160,5,3,1,15,0.639053766,12.0000096,2.769930213,4.16667,1.2222232,1.38889,0.833334,0.355157454
223,517.222636,132,45,32,14,33,8.349782465,20.46155483,11.09108836,3.611114,0.598765911,2.500002,0.72916725,0.501032797
358,2413.335264,50,127,89,92,49,24.26817584,28.20781477,14.08241618,4.16667,0.472441323,1.38889,0.630462427,0.526717603
175,910.834062,49,26,45,55,37,18.73715785,26.02383034,15.03863006,3.333336,0.491453385,0.277778,0.277778,0.331912243
124,949.167426,10,51,29,34,43,27.55647366,29.97370819,12.97859552,1.666668,0.413943686,2.500002,0.603448759,0.518456587
206,305.833578,165,22,9,10,38,5.34466447,26.85368002,11.40058388,3.888892,0.479798364,2.222224,0.956790889,0.388480488
193,1535.279006,4,71,51,67,41,28.63732861,29.24340964,8.71977261,1.944446,0.44209738,1.666668,0.550109373,0.473934756
200,802.500642,86,43,25,46,37,14.44501156,25.34212554,13.31100633,3.611114,0.400517116,1.38889,0.5000004,0.365605156
245,328.611374,180,21,18,26,24,4.828575291,18.20001456,8.340303096,3.333336,0.542328476,1.944446,0.540123889,0.324686141
34,99.166746,4,12,7,11,21,10.5000084,11.90000952,6.155805341,1.944446,0.694445,0.833334,0.714286286,0.636469356
453,1903.334856,180,73,50,150,48,15.12583992,25.09892118,16.65646037,1.111112,0.361491918,1.666668,0.42222256,0.231409799
60,73.61117,45,5,8,2,22,4.4166702,17.6666808,8.118386052,4.16667,1.2777788,1.111112,0.6250005,0.630695081
185,912.222952,30,55,56,44,38,17.75136555,21.18711372,12.24712969,2.500002,0.555556,1.944446,0.4861115,0.498767685
409,1413.612242,180,78,77,74,39,12.44255274,22.2227252,12.48105425,3.333336,0.459402077,1.666668,0.418470753,0.335295704
79,356.94473,6,27,23,23,27,16.2658358,17.60275381,7.791693244,1.944446,0.545267926,1.666668,0.603865217,0.570681987
78,201.944606,6,12,20,40,20,9.320520277,10.0972303,6.447578,1.666668,0.509259667,0.555556,0.2916669,0.297201281
53,143.611226,9,19,13,12,16,9.754724785,11.7500094,5.666723583,2.500002,0.497076421,1.38889,0.555556,0.536154011
61,345.83361,3,20,13,25,29,20.40985239,21.46553441,7.102527834,1.944446,0.4444448,0.833334,0.341880615,0.389494057
97,373.055854,47,15,12,23,35,13.8453719,26.86002149,14.24586212,3.333336,0.648148667,1.38889,0.532407833,0.461303436
433,3482.502786,47,123,96,167,63,28.95383379,32.47930059,13.749333,7.222228,0.47651348,1.944446,0.572917125,0.579066046
246,431.111456,180,21,14,31,31,6.308948137,23.51517033,10.90151091,3.333336,0.489418381,1.111112,0.496032143,0.276637223
720,6342.782852,60,179,129,352,52,31.71391426,34.59699737,12.66213684,3.611114,0.384854436,7.500006,0.523256233,0.450081645
255,2233.612898,20,63,56,116,45,31.53335856,34.21704865,13.10909203,1.38889,0.401234889,2.222224,0.411706679,0.336828674
239,559.167114,135,34,19,51,30,8.42260088,19.35578472,11.29964638,0.555556,0.302287824,0.555556,0.365497368,0.161387044
332,990.27857,215,33,31,53,37,10.7379604,30.47010985,15.16298182,3.611114,0.698653758,4.16667,0.672043548,0.433040047
250,575.00046,136,39,19,56,35,8.280006624,18.15790926,11.66541588,0.555556,0.306268051,1.111112,0.423976947,0.181603803
195,602.222704,117,33,16,29,39,11.11795761,27.79489403,14.85883527,3.333336,0.437710788,1.38889,0.677083875,0.363775285
738,10506.44603,51,191,155,341,87,51.25095626,55.0556124,26.06737562,3.611114,0.395579141,15.07671206,0.483671928,0.65021037
